to.name,to.address_line1,to.address_line2,to.address_city,to.address_state,to.address_zip,business_name,deserves_line,headline_font,qr_image_url,old_shot_url,new_shot_url,slug,qr_code,qr_target
Divine Design Landscaping,,,Phoenix,AZ,,Divine Design Landscaping,deserves a better,62,https://api.qrserver.com/v1/create-qr-code/?size=1000x1000&margin=0&qzone=1&ecc=M&data=https%3A%2F%2Fbuildlocal.agency%2Fq%2Faz0001,https://buildlocal.agency/m/divine-design-landscaping-old.jpg,https://buildlocal.agency/m/divine-design-landscaping-new.jpg,divine-design-landscaping,az0001,https://buildlocal.agency/q/az0001
Ground Zero Landscape,,,Phoenix,AZ,,Ground Zero Landscape,deserves a better,73,https://api.qrserver.com/v1/create-qr-code/?size=1000x1000&margin=0&qzone=1&ecc=M&data=https%3A%2F%2Fbuildlocal.agency%2Fq%2Faz0002,https://buildlocal.agency/m/_no-website.jpg,https://buildlocal.agency/m/ground-zero-landscape-new.jpg,ground-zero-landscape,az0002,https://buildlocal.agency/q/az0002
AMS Landscaping,,,Phoenix,AZ,,AMS Landscaping,deserves a better,78,https://api.qrserver.com/v1/create-qr-code/?size=1000x1000&margin=0&qzone=1&ecc=M&data=https%3A%2F%2Fbuildlocal.agency%2Fq%2Faz0003,https://buildlocal.agency/m/_no-website.jpg,https://buildlocal.agency/m/ams-landscaping-new.jpg,ams-landscaping,az0003,https://buildlocal.agency/q/az0003
Mountainscapers Landscaping,,,Phoenix,AZ,,Mountainscapers Landscaping,deserves a better,57,https://api.qrserver.com/v1/create-qr-code/?size=1000x1000&margin=0&qzone=1&ecc=M&data=https%3A%2F%2Fbuildlocal.agency%2Fq%2Faz0004,https://buildlocal.agency/m/_no-website.jpg,https://buildlocal.agency/m/mountainscapers-landscaping-new.jpg,mountainscapers-landscaping,az0004,https://buildlocal.agency/q/az0004
Diamond Stone & Synthetic Grass,,,Phoenix,AZ,,Diamond Stone & Synthetic Grass,deserves a better,50,https://api.qrserver.com/v1/create-qr-code/?size=1000x1000&margin=0&qzone=1&ecc=M&data=https%3A%2F%2Fbuildlocal.agency%2Fq%2Faz0005,https://buildlocal.agency/m/_no-website.jpg,https://buildlocal.agency/m/diamond-stone-and-synthetic-grass-new.jpg,diamond-stone-and-synthetic-grass,az0005,https://buildlocal.agency/q/az0005
Diamond Cut Landscaping,,,Phoenix,AZ,,Diamond Cut Landscaping,deserves a better,67,https://api.qrserver.com/v1/create-qr-code/?size=1000x1000&margin=0&qzone=1&ecc=M&data=https%3A%2F%2Fbuildlocal.agency%2Fq%2Faz0006,https://buildlocal.agency/m/_no-website.jpg,https://buildlocal.agency/m/diamond-cut-landscaping-new.jpg,diamond-cut-landscaping,az0006,https://buildlocal.agency/q/az0006
Hawkeye Landscaping Inc,,,Phoenix,AZ,,Hawkeye Landscaping,deserves a better,78,https://api.qrserver.com/v1/create-qr-code/?size=1000x1000&margin=0&qzone=1&ecc=M&data=https%3A%2F%2Fbuildlocal.agency%2Fq%2Faz0007,https://buildlocal.agency/m/_no-website.jpg,https://buildlocal.agency/m/hawkeye-landscaping-inc-new.jpg,hawkeye-landscaping-inc,az0007,https://buildlocal.agency/q/az0007
Landscaping Express LLC,,,Phoenix,AZ,,Landscaping Express,deserves a better,78,https://api.qrserver.com/v1/create-qr-code/?size=1000x1000&margin=0&qzone=1&ecc=M&data=https%3A%2F%2Fbuildlocal.agency%2Fq%2Faz0008,https://buildlocal.agency/m/_no-website.jpg,https://buildlocal.agency/m/landscaping-express-llc-new.jpg,landscaping-express-llc,az0008,https://buildlocal.agency/q/az0008
Lone Star Landscaping,,,Phoenix,AZ,,Lone Star Landscaping,deserves a better,73,https://api.qrserver.com/v1/create-qr-code/?size=1000x1000&margin=0&qzone=1&ecc=M&data=https%3A%2F%2Fbuildlocal.agency%2Fq%2Faz0009,https://buildlocal.agency/m/_no-website.jpg,https://buildlocal.agency/m/lone-star-landscaping-new.jpg,lone-star-landscaping,az0009,https://buildlocal.agency/q/az0009
Phoenix Pavers and Turf,,,Phoenix,AZ,,Phoenix Pavers and Turf,deserves a better,67,https://api.qrserver.com/v1/create-qr-code/?size=1000x1000&margin=0&qzone=1&ecc=M&data=https%3A%2F%2Fbuildlocal.agency%2Fq%2Faz0010,https://buildlocal.agency/m/_no-website.jpg,https://buildlocal.agency/m/phoenix-pavers-and-turf-new.jpg,phoenix-pavers-and-turf,az0010,https://buildlocal.agency/q/az0010
Arizona turf,,,Phoenix,AZ,,Arizona turf,deserves a better,78,https://api.qrserver.com/v1/create-qr-code/?size=1000x1000&margin=0&qzone=1&ecc=M&data=https%3A%2F%2Fbuildlocal.agency%2Fq%2Faz0011,https://buildlocal.agency/m/_no-website.jpg,https://buildlocal.agency/m/arizona-turf-new.jpg,arizona-turf,az0011,https://buildlocal.agency/q/az0011
Sal’s Landscape Construction,,,Phoenix,AZ,,Sal’s Landscape Construction,deserves a better,55,https://api.qrserver.com/v1/create-qr-code/?size=1000x1000&margin=0&qzone=1&ecc=M&data=https%3A%2F%2Fbuildlocal.agency%2Fq%2Faz0012,https://buildlocal.agency/m/_no-website.jpg,https://buildlocal.agency/m/sal-s-landscape-construction-new.jpg,sal-s-landscape-construction,az0012,https://buildlocal.agency/q/az0012
MasterAZscapes LLC,,,Phoenix,AZ,,MasterAZscapes,deserves a better,78,https://api.qrserver.com/v1/create-qr-code/?size=1000x1000&margin=0&qzone=1&ecc=M&data=https%3A%2F%2Fbuildlocal.agency%2Fq%2Faz0013,https://buildlocal.agency/m/_no-website.jpg,https://buildlocal.agency/m/masterazscapes-llc-new.jpg,masterazscapes-llc,az0013,https://buildlocal.agency/q/az0013
Arizona’s Landscaping Authority LLC,,,Phoenix,AZ,,Arizona’s Landscaping Authority,deserves a better,50,https://api.qrserver.com/v1/create-qr-code/?size=1000x1000&margin=0&qzone=1&ecc=M&data=https%3A%2F%2Fbuildlocal.agency%2Fq%2Faz0014,https://buildlocal.agency/m/_no-website.jpg,https://buildlocal.agency/m/arizona-s-landscaping-authority-llc-new.jpg,arizona-s-landscaping-authority-llc,az0014,https://buildlocal.agency/q/az0014
Outdoor Xscapes,,,Phoenix,AZ,,Outdoor Xscapes,deserves a better,78,https://api.qrserver.com/v1/create-qr-code/?size=1000x1000&margin=0&qzone=1&ecc=M&data=https%3A%2F%2Fbuildlocal.agency%2Fq%2Faz0015,https://buildlocal.agency/m/_no-website.jpg,https://buildlocal.agency/m/outdoor-xscapes-new.jpg,outdoor-xscapes,az0015,https://buildlocal.agency/q/az0015
BIG BOSS Landscape,,,Phoenix,AZ,,BIG BOSS Landscape,deserves a better,78,https://api.qrserver.com/v1/create-qr-code/?size=1000x1000&margin=0&qzone=1&ecc=M&data=https%3A%2F%2Fbuildlocal.agency%2Fq%2Faz0016,https://buildlocal.agency/m/_no-website.jpg,https://buildlocal.agency/m/big-boss-landscape-new.jpg,big-boss-landscape,az0016,https://buildlocal.agency/q/az0016
"Mariposa Landscape Arizona, Inc. | Phoenix, AZ",,,Phoenix,AZ,,Mariposa Landscape,deserves a better,78,https://api.qrserver.com/v1/create-qr-code/?size=1000x1000&margin=0&qzone=1&ecc=M&data=https%3A%2F%2Fbuildlocal.agency%2Fq%2Faz0017,https://buildlocal.agency/m/_no-website.jpg,https://buildlocal.agency/m/mariposa-landscape-arizona-inc-phoenix-az-new.jpg,mariposa-landscape-arizona-inc-phoenix-az,az0017,https://buildlocal.agency/q/az0017
Descendants Landscaping,,,Phoenix,AZ,,Descendants Landscaping,deserves a better,67,https://api.qrserver.com/v1/create-qr-code/?size=1000x1000&margin=0&qzone=1&ecc=M&data=https%3A%2F%2Fbuildlocal.agency%2Fq%2Faz0018,https://buildlocal.agency/m/_no-website.jpg,https://buildlocal.agency/m/descendants-landscaping-new.jpg,descendants-landscaping,az0018,https://buildlocal.agency/q/az0018
"Landscape Design Phoenix, Landscaping Architect | Unwind Landscapes",,,Phoenix,AZ,,Landscape Design Phoenix,deserves a better,64,https://api.qrserver.com/v1/create-qr-code/?size=1000x1000&margin=0&qzone=1&ecc=M&data=https%3A%2F%2Fbuildlocal.agency%2Fq%2Faz0019,https://buildlocal.agency/m/_no-website.jpg,https://buildlocal.agency/m/landscape-design-phoenix-landscaping-architect-unwind-landsc-new.jpg,landscape-design-phoenix-landscaping-architect-unwind-landsc,az0019,https://buildlocal.agency/q/az0019
Straight Line Landscape,,,Phoenix,AZ,,Straight Line Landscape,deserves a better,67,https://api.qrserver.com/v1/create-qr-code/?size=1000x1000&margin=0&qzone=1&ecc=M&data=https%3A%2F%2Fbuildlocal.agency%2Fq%2Faz0020,https://buildlocal.agency/m/_no-website.jpg,https://buildlocal.agency/m/straight-line-landscape-new.jpg,straight-line-landscape,az0020,https://buildlocal.agency/q/az0020
"Goodman's Landscape Maintenance, LLC",,,Phoenix,AZ,,Goodman's Landscape,deserves a better,78,https://api.qrserver.com/v1/create-qr-code/?size=1000x1000&margin=0&qzone=1&ecc=M&data=https%3A%2F%2Fbuildlocal.agency%2Fq%2Faz0021,https://buildlocal.agency/m/_no-website.jpg,https://buildlocal.agency/m/goodman-s-landscape-maintenance-llc-new.jpg,goodman-s-landscape-maintenance-llc,az0021,https://buildlocal.agency/q/az0021
Az New Leaf Landscaping,,,Phoenix,AZ,,Az New Leaf Landscaping,deserves a better,67,https://api.qrserver.com/v1/create-qr-code/?size=1000x1000&margin=0&qzone=1&ecc=M&data=https%3A%2F%2Fbuildlocal.agency%2Fq%2Faz0022,https://buildlocal.agency/m/_no-website.jpg,https://buildlocal.agency/m/az-new-leaf-landscaping-new.jpg,az-new-leaf-landscaping,az0022,https://buildlocal.agency/q/az0022
Arizona Creations Landscaping,,,Phoenix,AZ,,Arizona Creations Landscaping,deserves a better,53,https://api.qrserver.com/v1/create-qr-code/?size=1000x1000&margin=0&qzone=1&ecc=M&data=https%3A%2F%2Fbuildlocal.agency%2Fq%2Faz0023,https://buildlocal.agency/m/_no-website.jpg,https://buildlocal.agency/m/arizona-creations-landscaping-new.jpg,arizona-creations-landscaping,az0023,https://buildlocal.agency/q/az0023
Big Nick's Landscaping and Maintenance,,,Phoenix,AZ,,Big Nick's Landscaping,deserves a better,70,https://api.qrserver.com/v1/create-qr-code/?size=1000x1000&margin=0&qzone=1&ecc=M&data=https%3A%2F%2Fbuildlocal.agency%2Fq%2Faz0024,https://buildlocal.agency/m/_no-website.jpg,https://buildlocal.agency/m/big-nick-s-landscaping-and-maintenance-new.jpg,big-nick-s-landscaping-and-maintenance,az0024,https://buildlocal.agency/q/az0024
Enchanted Garden Landscape,,,Phoenix,AZ,,Enchanted Garden Landscape,deserves a better,59,https://api.qrserver.com/v1/create-qr-code/?size=1000x1000&margin=0&qzone=1&ecc=M&data=https%3A%2F%2Fbuildlocal.agency%2Fq%2Faz0025,https://buildlocal.agency/m/_no-website.jpg,https://buildlocal.agency/m/enchanted-garden-landscape-new.jpg,enchanted-garden-landscape,az0025,https://buildlocal.agency/q/az0025
Jim's Paradise Creations Landscaping,,,Phoenix,AZ,,Jim's Paradise Creations,deserves a better,64,https://api.qrserver.com/v1/create-qr-code/?size=1000x1000&margin=0&qzone=1&ecc=M&data=https%3A%2F%2Fbuildlocal.agency%2Fq%2Faz0026,https://buildlocal.agency/m/_no-website.jpg,https://buildlocal.agency/m/jim-s-paradise-creations-landscaping-new.jpg,jim-s-paradise-creations-landscaping,az0026,https://buildlocal.agency/q/az0026
"Phoenix Landscapers, Landscaping Design and Tree Services",,,Phoenix,AZ,,Phoenix Landscapers,deserves a better,78,https://api.qrserver.com/v1/create-qr-code/?size=1000x1000&margin=0&qzone=1&ecc=M&data=https%3A%2F%2Fbuildlocal.agency%2Fq%2Faz0027,https://buildlocal.agency/m/_no-website.jpg,https://buildlocal.agency/m/phoenix-landscapers-landscaping-design-and-tree-services-new.jpg,phoenix-landscapers-landscaping-design-and-tree-services,az0027,https://buildlocal.agency/q/az0027
Rockwell Landscape Maintenance,,,Phoenix,AZ,,Rockwell Landscape,deserves a better,78,https://api.qrserver.com/v1/create-qr-code/?size=1000x1000&margin=0&qzone=1&ecc=M&data=https%3A%2F%2Fbuildlocal.agency%2Fq%2Faz0028,https://buildlocal.agency/m/_no-website.jpg,https://buildlocal.agency/m/rockwell-landscape-maintenance-new.jpg,rockwell-landscape-maintenance,az0028,https://buildlocal.agency/q/az0028
Phoenix Landscaping Company,,,Phoenix,AZ,,Phoenix Landscaping,deserves a better,78,https://api.qrserver.com/v1/create-qr-code/?size=1000x1000&margin=0&qzone=1&ecc=M&data=https%3A%2F%2Fbuildlocal.agency%2Fq%2Faz0029,https://buildlocal.agency/m/_no-website.jpg,https://buildlocal.agency/m/phoenix-landscaping-company-new.jpg,phoenix-landscaping-company,az0029,https://buildlocal.agency/q/az0029
Organic Landscape Services,,,Phoenix,AZ,,Organic Landscape Services,deserves a better,59,https://api.qrserver.com/v1/create-qr-code/?size=1000x1000&margin=0&qzone=1&ecc=M&data=https%3A%2F%2Fbuildlocal.agency%2Fq%2Faz0030,https://buildlocal.agency/m/_no-website.jpg,https://buildlocal.agency/m/organic-landscape-services-new.jpg,organic-landscape-services,az0030,https://buildlocal.agency/q/az0030
Landscaping Contractors,,,Phoenix,AZ,,Landscaping Contractors,deserves a better,67,https://api.qrserver.com/v1/create-qr-code/?size=1000x1000&margin=0&qzone=1&ecc=M&data=https%3A%2F%2Fbuildlocal.agency%2Fq%2Faz0031,https://buildlocal.agency/m/_no-website.jpg,https://buildlocal.agency/m/landscaping-contractors-new.jpg,landscaping-contractors,az0031,https://buildlocal.agency/q/az0031
Viva Landscape & Design,,,Phoenix,AZ,,Viva Landscape & Design,deserves a better,67,https://api.qrserver.com/v1/create-qr-code/?size=1000x1000&margin=0&qzone=1&ecc=M&data=https%3A%2F%2Fbuildlocal.agency%2Fq%2Faz0032,https://buildlocal.agency/m/_no-website.jpg,https://buildlocal.agency/m/viva-landscape-and-design-new.jpg,viva-landscape-and-design,az0032,https://buildlocal.agency/q/az0032
Paradise Green Landscaping llc,,,Phoenix,AZ,,Paradise Green Landscaping,deserves a,59,https://api.qrserver.com/v1/create-qr-code/?size=1000x1000&margin=0&qzone=1&ecc=M&data=https%3A%2F%2Fbuildlocal.agency%2Fq%2Faz0033,https://buildlocal.agency/m/_no-website.jpg,https://buildlocal.agency/m/paradise-green-landscaping-llc-new.jpg,paradise-green-landscaping-llc,az0033,https://buildlocal.agency/q/az0033
Ersland Touch Landscape,,,Phoenix,AZ,,Ersland Touch Landscape,deserves a better,67,https://api.qrserver.com/v1/create-qr-code/?size=1000x1000&margin=0&qzone=1&ecc=M&data=https%3A%2F%2Fbuildlocal.agency%2Fq%2Faz0034,https://buildlocal.agency/m/_no-website.jpg,https://buildlocal.agency/m/ersland-touch-landscape-new.jpg,ersland-touch-landscape,az0034,https://buildlocal.agency/q/az0034
NexGen Landscaping,,,Phoenix,AZ,,NexGen Landscaping,deserves a better,78,https://api.qrserver.com/v1/create-qr-code/?size=1000x1000&margin=0&qzone=1&ecc=M&data=https%3A%2F%2Fbuildlocal.agency%2Fq%2Faz0035,https://buildlocal.agency/m/_no-website.jpg,https://buildlocal.agency/m/nexgen-landscaping-new.jpg,nexgen-landscaping,az0035,https://buildlocal.agency/q/az0035
Golden Landscaping LLC,,,Phoenix,AZ,,Golden Landscaping,deserves a better,78,https://api.qrserver.com/v1/create-qr-code/?size=1000x1000&margin=0&qzone=1&ecc=M&data=https%3A%2F%2Fbuildlocal.agency%2Fq%2Faz0036,https://buildlocal.agency/m/_no-website.jpg,https://buildlocal.agency/m/golden-landscaping-llc-new.jpg,golden-landscaping-llc,az0036,https://buildlocal.agency/q/az0036
Bermuda Landscape,,,Phoenix,AZ,,Bermuda Landscape,deserves a better,78,https://api.qrserver.com/v1/create-qr-code/?size=1000x1000&margin=0&qzone=1&ecc=M&data=https%3A%2F%2Fbuildlocal.agency%2Fq%2Faz0037,https://buildlocal.agency/m/_no-website.jpg,https://buildlocal.agency/m/bermuda-landscape-new.jpg,bermuda-landscape,az0037,https://buildlocal.agency/q/az0037
"Desert Crest, LLC",,,Phoenix,AZ,,Desert Crest,deserves a better,78,https://api.qrserver.com/v1/create-qr-code/?size=1000x1000&margin=0&qzone=1&ecc=M&data=https%3A%2F%2Fbuildlocal.agency%2Fq%2Faz0038,https://buildlocal.agency/m/_no-website.jpg,https://buildlocal.agency/m/desert-crest-llc-new.jpg,desert-crest-llc,az0038,https://buildlocal.agency/q/az0038
Grass Kings Landscaping,,,Phoenix,AZ,,Grass Kings Landscaping,deserves a better,67,https://api.qrserver.com/v1/create-qr-code/?size=1000x1000&margin=0&qzone=1&ecc=M&data=https%3A%2F%2Fbuildlocal.agency%2Fq%2Faz0039,https://buildlocal.agency/m/_no-website.jpg,https://buildlocal.agency/m/grass-kings-landscaping-new.jpg,grass-kings-landscaping,az0039,https://buildlocal.agency/q/az0039
"Triple ""J"" Service, LLC.",,,Phoenix,AZ,,"Triple ""J"" Service",deserves a better,78,https://api.qrserver.com/v1/create-qr-code/?size=1000x1000&margin=0&qzone=1&ecc=M&data=https%3A%2F%2Fbuildlocal.agency%2Fq%2Faz0040,https://buildlocal.agency/m/_no-website.jpg,https://buildlocal.agency/m/triple-j-service-llc-new.jpg,triple-j-service-llc,az0040,https://buildlocal.agency/q/az0040
AJ'S LANDSCAPING AND DEMO LLC,,,Phoenix,AZ,,AJ'S LANDSCAPING,deserves a better,78,https://api.qrserver.com/v1/create-qr-code/?size=1000x1000&margin=0&qzone=1&ecc=M&data=https%3A%2F%2Fbuildlocal.agency%2Fq%2Faz0041,https://buildlocal.agency/m/_no-website.jpg,https://buildlocal.agency/m/aj-s-landscaping-and-demo-llc-new.jpg,aj-s-landscaping-and-demo-llc,az0041,https://buildlocal.agency/q/az0041
Diaz Tree and Landscape Management,,,Phoenix,AZ,,Diaz Tree and Landscape,deserves a better,67,https://api.qrserver.com/v1/create-qr-code/?size=1000x1000&margin=0&qzone=1&ecc=M&data=https%3A%2F%2Fbuildlocal.agency%2Fq%2Faz0042,https://buildlocal.agency/m/_no-website.jpg,https://buildlocal.agency/m/diaz-tree-and-landscape-management-new.jpg,diaz-tree-and-landscape-management,az0042,https://buildlocal.agency/q/az0042
RX Outdoor Living,,,Phoenix,AZ,,RX Outdoor Living,deserves a,78,https://api.qrserver.com/v1/create-qr-code/?size=1000x1000&margin=0&qzone=1&ecc=M&data=https%3A%2F%2Fbuildlocal.agency%2Fq%2Faz0043,https://buildlocal.agency/m/_no-website.jpg,https://buildlocal.agency/m/rx-outdoor-living-new.jpg,rx-outdoor-living,az0043,https://buildlocal.agency/q/az0043
BJ's Landscaping LLC,,,Phoenix,AZ,,BJ's Landscaping,deserves a better,78,https://api.qrserver.com/v1/create-qr-code/?size=1000x1000&margin=0&qzone=1&ecc=M&data=https%3A%2F%2Fbuildlocal.agency%2Fq%2Faz0044,https://buildlocal.agency/m/_no-website.jpg,https://buildlocal.agency/m/bj-s-landscaping-llc-new.jpg,bj-s-landscaping-llc,az0044,https://buildlocal.agency/q/az0044
ZTA Landscape,,,Phoenix,AZ,,ZTA Landscape,deserves a better,78,https://api.qrserver.com/v1/create-qr-code/?size=1000x1000&margin=0&qzone=1&ecc=M&data=https%3A%2F%2Fbuildlocal.agency%2Fq%2Faz0045,https://buildlocal.agency/m/_no-website.jpg,https://buildlocal.agency/m/zta-landscape-new.jpg,zta-landscape,az0045,https://buildlocal.agency/q/az0045
Redwood Landscaping Services,,,Mesa,AZ,,Redwood Landscaping Services,deserves a better,55,https://api.qrserver.com/v1/create-qr-code/?size=1000x1000&margin=0&qzone=1&ecc=M&data=https%3A%2F%2Fbuildlocal.agency%2Fq%2Faz0046,https://buildlocal.agency/m/_no-website.jpg,https://buildlocal.agency/m/redwood-landscaping-services-new.jpg,redwood-landscaping-services,az0046,https://buildlocal.agency/q/az0046
Valley Of The Sun Landscape,,,Mesa,AZ,,Valley Of The Sun Landscape,deserves a better,57,https://api.qrserver.com/v1/create-qr-code/?size=1000x1000&margin=0&qzone=1&ecc=M&data=https%3A%2F%2Fbuildlocal.agency%2Fq%2Faz0047,https://buildlocal.agency/m/_no-website.jpg,https://buildlocal.agency/m/valley-of-the-sun-landscape-new.jpg,valley-of-the-sun-landscape,az0047,https://buildlocal.agency/q/az0047
AC Macias Landscaping LLC,,,Mesa,AZ,,AC Macias Landscaping,deserves a better,73,https://api.qrserver.com/v1/create-qr-code/?size=1000x1000&margin=0&qzone=1&ecc=M&data=https%3A%2F%2Fbuildlocal.agency%2Fq%2Faz0048,https://buildlocal.agency/m/_no-website.jpg,https://buildlocal.agency/m/ac-macias-landscaping-llc-new.jpg,ac-macias-landscaping-llc,az0048,https://buildlocal.agency/q/az0048
The Desert Root,,,Mesa,AZ,,The Desert Root,deserves a better,78,https://api.qrserver.com/v1/create-qr-code/?size=1000x1000&margin=0&qzone=1&ecc=M&data=https%3A%2F%2Fbuildlocal.agency%2Fq%2Faz0049,https://buildlocal.agency/m/_no-website.jpg,https://buildlocal.agency/m/the-desert-root-new.jpg,the-desert-root,az0049,https://buildlocal.agency/q/az0049
Coastal Landscaping Solutions,,,Mesa,AZ,,Coastal Landscaping Solutions,deserves a better,53,https://api.qrserver.com/v1/create-qr-code/?size=1000x1000&margin=0&qzone=1&ecc=M&data=https%3A%2F%2Fbuildlocal.agency%2Fq%2Faz0050,https://buildlocal.agency/m/_no-website.jpg,https://buildlocal.agency/m/coastal-landscaping-solutions-new.jpg,coastal-landscaping-solutions,az0050,https://buildlocal.agency/q/az0050
Julio Tree Care & Landscaping,,,Mesa,AZ,,Julio Tree Care & Landscaping,deserves a better,53,https://api.qrserver.com/v1/create-qr-code/?size=1000x1000&margin=0&qzone=1&ecc=M&data=https%3A%2F%2Fbuildlocal.agency%2Fq%2Faz0051,https://buildlocal.agency/m/_no-website.jpg,https://buildlocal.agency/m/julio-tree-care-and-landscaping-new.jpg,julio-tree-care-and-landscaping,az0051,https://buildlocal.agency/q/az0051
J & J Landscaping Material,,,Mesa,AZ,,J & J Landscaping Material,deserves a better,59,https://api.qrserver.com/v1/create-qr-code/?size=1000x1000&margin=0&qzone=1&ecc=M&data=https%3A%2F%2Fbuildlocal.agency%2Fq%2Faz0052,https://buildlocal.agency/m/_no-website.jpg,https://buildlocal.agency/m/j-and-j-landscaping-material-new.jpg,j-and-j-landscaping-material,az0052,https://buildlocal.agency/q/az0052
EZ Landscape & Maintenance Inc. - Mesa Landscaping Service,,,Mesa,AZ,,EZ Landscape,deserves a better,78,https://api.qrserver.com/v1/create-qr-code/?size=1000x1000&margin=0&qzone=1&ecc=M&data=https%3A%2F%2Fbuildlocal.agency%2Fq%2Faz0053,https://buildlocal.agency/m/_no-website.jpg,https://buildlocal.agency/m/ez-landscape-and-maintenance-inc-mesa-landscaping-service-new.jpg,ez-landscape-and-maintenance-inc-mesa-landscaping-service,az0053,https://buildlocal.agency/q/az0053
Better Life Landscape and Design,,,Mesa,AZ,,Better Life Landscape,deserves a better,73,https://api.qrserver.com/v1/create-qr-code/?size=1000x1000&margin=0&qzone=1&ecc=M&data=https%3A%2F%2Fbuildlocal.agency%2Fq%2Faz0054,https://buildlocal.agency/m/_no-website.jpg,https://buildlocal.agency/m/better-life-landscape-and-design-new.jpg,better-life-landscape-and-design,az0054,https://buildlocal.agency/q/az0054
Green Forever Arizona,,,Mesa,AZ,,Green Forever,deserves a better,78,https://api.qrserver.com/v1/create-qr-code/?size=1000x1000&margin=0&qzone=1&ecc=M&data=https%3A%2F%2Fbuildlocal.agency%2Fq%2Faz0055,https://buildlocal.agency/m/_no-website.jpg,https://buildlocal.agency/m/green-forever-arizona-new.jpg,green-forever-arizona,az0055,https://buildlocal.agency/q/az0055
Cactus Landscaping Llc,,,Mesa,AZ,,Cactus Landscaping,deserves a better,78,https://api.qrserver.com/v1/create-qr-code/?size=1000x1000&margin=0&qzone=1&ecc=M&data=https%3A%2F%2Fbuildlocal.agency%2Fq%2Faz0056,https://buildlocal.agency/m/_no-website.jpg,https://buildlocal.agency/m/cactus-landscaping-llc-new.jpg,cactus-landscaping-llc,az0056,https://buildlocal.agency/q/az0056
Alpha Landscape LLC,,,Mesa,AZ,,Alpha Landscape,deserves a better,78,https://api.qrserver.com/v1/create-qr-code/?size=1000x1000&margin=0&qzone=1&ecc=M&data=https%3A%2F%2Fbuildlocal.agency%2Fq%2Faz0057,https://buildlocal.agency/m/_no-website.jpg,https://buildlocal.agency/m/alpha-landscape-llc-new.jpg,alpha-landscape-llc,az0057,https://buildlocal.agency/q/az0057
Falcon Landscapes Pavers & Masonry LLC,,,Mesa,AZ,,Falcon Landscapes,deserves a better,78,https://api.qrserver.com/v1/create-qr-code/?size=1000x1000&margin=0&qzone=1&ecc=M&data=https%3A%2F%2Fbuildlocal.agency%2Fq%2Faz0058,https://buildlocal.agency/m/_no-website.jpg,https://buildlocal.agency/m/falcon-landscapes-pavers-and-masonry-llc-new.jpg,falcon-landscapes-pavers-and-masonry-llc,az0058,https://buildlocal.agency/q/az0058
Pimentel Landscaping LLC,,,Mesa,AZ,,Pimentel Landscaping,deserves a better,77,https://api.qrserver.com/v1/create-qr-code/?size=1000x1000&margin=0&qzone=1&ecc=M&data=https%3A%2F%2Fbuildlocal.agency%2Fq%2Faz0059,https://buildlocal.agency/m/_no-website.jpg,https://buildlocal.agency/m/pimentel-landscaping-llc-new.jpg,pimentel-landscaping-llc,az0059,https://buildlocal.agency/q/az0059
C & A Landscapes,,,Mesa,AZ,,C & A Landscapes,deserves a better,78,https://api.qrserver.com/v1/create-qr-code/?size=1000x1000&margin=0&qzone=1&ecc=M&data=https%3A%2F%2Fbuildlocal.agency%2Fq%2Faz0060,https://buildlocal.agency/m/_no-website.jpg,https://buildlocal.agency/m/c-and-a-landscapes-new.jpg,c-and-a-landscapes,az0060,https://buildlocal.agency/q/az0060
Always Green Turf AZ,,,Mesa,AZ,,Always Green Turf,deserves a better,78,https://api.qrserver.com/v1/create-qr-code/?size=1000x1000&margin=0&qzone=1&ecc=M&data=https%3A%2F%2Fbuildlocal.agency%2Fq%2Faz0061,https://buildlocal.agency/m/_no-website.jpg,https://buildlocal.agency/m/always-green-turf-az-new.jpg,always-green-turf-az,az0061,https://buildlocal.agency/q/az0061
GreenMart Design & Landscape,,,Mesa,AZ,,GreenMart Design & Landscape,deserves a better,55,https://api.qrserver.com/v1/create-qr-code/?size=1000x1000&margin=0&qzone=1&ecc=M&data=https%3A%2F%2Fbuildlocal.agency%2Fq%2Faz0062,https://buildlocal.agency/m/_no-website.jpg,https://buildlocal.agency/m/greenmart-design-and-landscape-new.jpg,greenmart-design-and-landscape,az0062,https://buildlocal.agency/q/az0062
Little John's Lawns,,,Mesa,AZ,,Little John's Lawns,deserves a better,78,https://api.qrserver.com/v1/create-qr-code/?size=1000x1000&margin=0&qzone=1&ecc=M&data=https%3A%2F%2Fbuildlocal.agency%2Fq%2Faz0063,https://buildlocal.agency/m/_no-website.jpg,https://buildlocal.agency/m/little-john-s-lawns-new.jpg,little-john-s-lawns,az0063,https://buildlocal.agency/q/az0063
Easy Landscape Solutions,,,Mesa,AZ,,Easy Landscape Solutions,deserves a better,64,https://api.qrserver.com/v1/create-qr-code/?size=1000x1000&margin=0&qzone=1&ecc=M&data=https%3A%2F%2Fbuildlocal.agency%2Fq%2Faz0064,https://buildlocal.agency/m/_no-website.jpg,https://buildlocal.agency/m/easy-landscape-solutions-new.jpg,easy-landscape-solutions,az0064,https://buildlocal.agency/q/az0064
Crafted Outdoor Living,,,Mesa,AZ,,Crafted Outdoor Living,deserves a better,70,https://api.qrserver.com/v1/create-qr-code/?size=1000x1000&margin=0&qzone=1&ecc=M&data=https%3A%2F%2Fbuildlocal.agency%2Fq%2Faz0065,https://buildlocal.agency/m/_no-website.jpg,https://buildlocal.agency/m/crafted-outdoor-living-new.jpg,crafted-outdoor-living,az0065,https://buildlocal.agency/q/az0065
CYC Landscaping,,,Mesa,AZ,,CYC Landscaping,deserves a better,78,https://api.qrserver.com/v1/create-qr-code/?size=1000x1000&margin=0&qzone=1&ecc=M&data=https%3A%2F%2Fbuildlocal.agency%2Fq%2Faz0066,https://buildlocal.agency/m/_no-website.jpg,https://buildlocal.agency/m/cyc-landscaping-new.jpg,cyc-landscaping,az0066,https://buildlocal.agency/q/az0066
M&N Complete Landscaping LLC,,,Mesa,AZ,,M&N Complete Landscaping,deserves a better,64,https://api.qrserver.com/v1/create-qr-code/?size=1000x1000&margin=0&qzone=1&ecc=M&data=https%3A%2F%2Fbuildlocal.agency%2Fq%2Faz0067,https://buildlocal.agency/m/_no-website.jpg,https://buildlocal.agency/m/mandn-complete-landscaping-llc-new.jpg,mandn-complete-landscaping-llc,az0067,https://buildlocal.agency/q/az0067
Copper Valley Landscaping,,,Mesa,AZ,,Copper Valley Landscaping,deserves a better,62,https://api.qrserver.com/v1/create-qr-code/?size=1000x1000&margin=0&qzone=1&ecc=M&data=https%3A%2F%2Fbuildlocal.agency%2Fq%2Faz0068,https://buildlocal.agency/m/_no-website.jpg,https://buildlocal.agency/m/copper-valley-landscaping-new.jpg,copper-valley-landscaping,az0068,https://buildlocal.agency/q/az0068
Blue Marble Landscape,,,Mesa,AZ,,Blue Marble Landscape,deserves a better,73,https://api.qrserver.com/v1/create-qr-code/?size=1000x1000&margin=0&qzone=1&ecc=M&data=https%3A%2F%2Fbuildlocal.agency%2Fq%2Faz0069,https://buildlocal.agency/m/_no-website.jpg,https://buildlocal.agency/m/blue-marble-landscape-new.jpg,blue-marble-landscape,az0069,https://buildlocal.agency/q/az0069
Dream Retreats Landscape Design & Construction,,,Gilbert,AZ,,Dream Retreats Landscape,deserves a better,64,https://api.qrserver.com/v1/create-qr-code/?size=1000x1000&margin=0&qzone=1&ecc=M&data=https%3A%2F%2Fbuildlocal.agency%2Fq%2Faz0070,https://buildlocal.agency/m/_no-website.jpg,https://buildlocal.agency/m/dream-retreats-landscape-design-and-construction-new.jpg,dream-retreats-landscape-design-and-construction,az0070,https://buildlocal.agency/q/az0070
Modern Desert Landscapes,,,Queen Creek,AZ,,Modern Desert Landscapes,deserves a better,64,https://api.qrserver.com/v1/create-qr-code/?size=1000x1000&margin=0&qzone=1&ecc=M&data=https%3A%2F%2Fbuildlocal.agency%2Fq%2Faz0071,https://buildlocal.agency/m/_no-website.jpg,https://buildlocal.agency/m/modern-desert-landscapes-new.jpg,modern-desert-landscapes,az0071,https://buildlocal.agency/q/az0071
Legacy Green Solutions,,,Mesa,AZ,,Legacy Green Solutions,deserves a better,70,https://api.qrserver.com/v1/create-qr-code/?size=1000x1000&margin=0&qzone=1&ecc=M&data=https%3A%2F%2Fbuildlocal.agency%2Fq%2Faz0072,https://buildlocal.agency/m/_no-website.jpg,https://buildlocal.agency/m/legacy-green-solutions-new.jpg,legacy-green-solutions,az0072,https://buildlocal.agency/q/az0072
Infinity Landscaping and Pools LLC,,,Mesa,AZ,,Infinity Landscaping and Pools,deserves a better,51,https://api.qrserver.com/v1/create-qr-code/?size=1000x1000&margin=0&qzone=1&ecc=M&data=https%3A%2F%2Fbuildlocal.agency%2Fq%2Faz0073,https://buildlocal.agency/m/_no-website.jpg,https://buildlocal.agency/m/infinity-landscaping-and-pools-llc-new.jpg,infinity-landscaping-and-pools-llc,az0073,https://buildlocal.agency/q/az0073
Ecosphere Landscaping,,,Mesa,AZ,,Ecosphere Landscaping,deserves a better,73,https://api.qrserver.com/v1/create-qr-code/?size=1000x1000&margin=0&qzone=1&ecc=M&data=https%3A%2F%2Fbuildlocal.agency%2Fq%2Faz0074,https://buildlocal.agency/m/_no-website.jpg,https://buildlocal.agency/m/ecosphere-landscaping-new.jpg,ecosphere-landscaping,az0074,https://buildlocal.agency/q/az0074
ANGELS LANDSCAPING LLC,,,Mesa,AZ,,ANGELS LANDSCAPING,deserves a better,78,https://api.qrserver.com/v1/create-qr-code/?size=1000x1000&margin=0&qzone=1&ecc=M&data=https%3A%2F%2Fbuildlocal.agency%2Fq%2Faz0075,https://buildlocal.agency/m/_no-website.jpg,https://buildlocal.agency/m/angels-landscaping-llc-new.jpg,angels-landscaping-llc,az0075,https://buildlocal.agency/q/az0075
RJ Landscaping LLC,,,Mesa,AZ,,RJ Landscaping,deserves a better,78,https://api.qrserver.com/v1/create-qr-code/?size=1000x1000&margin=0&qzone=1&ecc=M&data=https%3A%2F%2Fbuildlocal.agency%2Fq%2Faz0076,https://buildlocal.agency/m/_no-website.jpg,https://buildlocal.agency/m/rj-landscaping-llc-new.jpg,rj-landscaping-llc,az0076,https://buildlocal.agency/q/az0076
Backyard Oasis Design Studio,,,Mesa,AZ,,Backyard Oasis Design Studio,deserves a better,55,https://api.qrserver.com/v1/create-qr-code/?size=1000x1000&margin=0&qzone=1&ecc=M&data=https%3A%2F%2Fbuildlocal.agency%2Fq%2Faz0077,https://buildlocal.agency/m/_no-website.jpg,https://buildlocal.agency/m/backyard-oasis-design-studio-new.jpg,backyard-oasis-design-studio,az0077,https://buildlocal.agency/q/az0077
Higher Ground Landscaping,,,Gilbert,AZ,,Higher Ground Landscaping,deserves a better,62,https://api.qrserver.com/v1/create-qr-code/?size=1000x1000&margin=0&qzone=1&ecc=M&data=https%3A%2F%2Fbuildlocal.agency%2Fq%2Faz0078,https://buildlocal.agency/m/_no-website.jpg,https://buildlocal.agency/m/higher-ground-landscaping-new.jpg,higher-ground-landscaping,az0078,https://buildlocal.agency/q/az0078
Scape Tech Landscape & Design,,,Mesa,AZ,,Scape Tech Landscape,deserves a better,77,https://api.qrserver.com/v1/create-qr-code/?size=1000x1000&margin=0&qzone=1&ecc=M&data=https%3A%2F%2Fbuildlocal.agency%2Fq%2Faz0079,https://buildlocal.agency/m/_no-website.jpg,https://buildlocal.agency/m/scape-tech-landscape-and-design-new.jpg,scape-tech-landscape-and-design,az0079,https://buildlocal.agency/q/az0079
Core Landscape,,,Mesa,AZ,,Core Landscape,deserves a better,78,https://api.qrserver.com/v1/create-qr-code/?size=1000x1000&margin=0&qzone=1&ecc=M&data=https%3A%2F%2Fbuildlocal.agency%2Fq%2Faz0080,https://buildlocal.agency/m/_no-website.jpg,https://buildlocal.agency/m/core-landscape-new.jpg,core-landscape,az0080,https://buildlocal.agency/q/az0080
"Desert Lawns of Arizona, LLC.",,,Mesa,AZ,,Desert Lawns of,deserves a,78,https://api.qrserver.com/v1/create-qr-code/?size=1000x1000&margin=0&qzone=1&ecc=M&data=https%3A%2F%2Fbuildlocal.agency%2Fq%2Faz0081,https://buildlocal.agency/m/_no-website.jpg,https://buildlocal.agency/m/desert-lawns-of-arizona-llc-new.jpg,desert-lawns-of-arizona-llc,az0081,https://buildlocal.agency/q/az0081
Genesis Landscape Solutions,,,Mesa,AZ,,Genesis Landscape Solutions,deserves a better,57,https://api.qrserver.com/v1/create-qr-code/?size=1000x1000&margin=0&qzone=1&ecc=M&data=https%3A%2F%2Fbuildlocal.agency%2Fq%2Faz0082,https://buildlocal.agency/m/_no-website.jpg,https://buildlocal.agency/m/genesis-landscape-solutions-new.jpg,genesis-landscape-solutions,az0082,https://buildlocal.agency/q/az0082
Sonoran Landscape Design,,,Mesa,AZ,,Sonoran Landscape Design,deserves a better,64,https://api.qrserver.com/v1/create-qr-code/?size=1000x1000&margin=0&qzone=1&ecc=M&data=https%3A%2F%2Fbuildlocal.agency%2Fq%2Faz0083,https://buildlocal.agency/m/_no-website.jpg,https://buildlocal.agency/m/sonoran-landscape-design-new.jpg,sonoran-landscape-design,az0083,https://buildlocal.agency/q/az0083
Bigtree Landscaping,,,Mesa,AZ,,Bigtree Landscaping,deserves a better,78,https://api.qrserver.com/v1/create-qr-code/?size=1000x1000&margin=0&qzone=1&ecc=M&data=https%3A%2F%2Fbuildlocal.agency%2Fq%2Faz0084,https://buildlocal.agency/m/_no-website.jpg,https://buildlocal.agency/m/bigtree-landscaping-new.jpg,bigtree-landscaping,az0084,https://buildlocal.agency/q/az0084
blooming - landscape architecture + pools,,,Mesa,AZ,,blooming,deserves a better,78,https://api.qrserver.com/v1/create-qr-code/?size=1000x1000&margin=0&qzone=1&ecc=M&data=https%3A%2F%2Fbuildlocal.agency%2Fq%2Faz0085,https://buildlocal.agency/m/_no-website.jpg,https://buildlocal.agency/m/blooming-landscape-architecture-pools-new.jpg,blooming-landscape-architecture-pools,az0085,https://buildlocal.agency/q/az0085
Castillo Landscaping,,,Mesa,AZ,,Castillo Landscaping,deserves a better,77,https://api.qrserver.com/v1/create-qr-code/?size=1000x1000&margin=0&qzone=1&ecc=M&data=https%3A%2F%2Fbuildlocal.agency%2Fq%2Faz0086,https://buildlocal.agency/m/_no-website.jpg,https://buildlocal.agency/m/castillo-landscaping-new.jpg,castillo-landscaping,az0086,https://buildlocal.agency/q/az0086
AZ Landscape Pros,,,Mesa,AZ,,AZ Landscape Pros,deserves a better,78,https://api.qrserver.com/v1/create-qr-code/?size=1000x1000&margin=0&qzone=1&ecc=M&data=https%3A%2F%2Fbuildlocal.agency%2Fq%2Faz0087,https://buildlocal.agency/m/_no-website.jpg,https://buildlocal.agency/m/az-landscape-pros-new.jpg,az-landscape-pros,az0087,https://buildlocal.agency/q/az0087
Primos Landscaping and Patio Design,,,Mesa,AZ,,Primos Landscaping,deserves a better,78,https://api.qrserver.com/v1/create-qr-code/?size=1000x1000&margin=0&qzone=1&ecc=M&data=https%3A%2F%2Fbuildlocal.agency%2Fq%2Faz0088,https://buildlocal.agency/m/_no-website.jpg,https://buildlocal.agency/m/primos-landscaping-and-patio-design-new.jpg,primos-landscaping-and-patio-design,az0088,https://buildlocal.agency/q/az0088
Pool & Landscape AZ,,,Mesa,AZ,,Pool & Landscape,deserves a better,78,https://api.qrserver.com/v1/create-qr-code/?size=1000x1000&margin=0&qzone=1&ecc=M&data=https%3A%2F%2Fbuildlocal.agency%2Fq%2Faz0089,https://buildlocal.agency/m/_no-website.jpg,https://buildlocal.agency/m/pool-and-landscape-az-new.jpg,pool-and-landscape-az,az0089,https://buildlocal.agency/q/az0089
Rogers Landscaping,,,Mesa,AZ,,Rogers Landscaping,deserves a better,78,https://api.qrserver.com/v1/create-qr-code/?size=1000x1000&margin=0&qzone=1&ecc=M&data=https%3A%2F%2Fbuildlocal.agency%2Fq%2Faz0090,https://buildlocal.agency/m/_no-website.jpg,https://buildlocal.agency/m/rogers-landscaping-new.jpg,rogers-landscaping,az0090,https://buildlocal.agency/q/az0090
Silver Fern Landscaping,,,Chandler,AZ,,Silver Fern Landscaping,deserves a better,67,https://api.qrserver.com/v1/create-qr-code/?size=1000x1000&margin=0&qzone=1&ecc=M&data=https%3A%2F%2Fbuildlocal.agency%2Fq%2Faz0091,https://buildlocal.agency/m/_no-website.jpg,https://buildlocal.agency/m/silver-fern-landscaping-new.jpg,silver-fern-landscaping,az0091,https://buildlocal.agency/q/az0091
House of Yards,,,Chandler,AZ,,House of Yards,deserves a better,78,https://api.qrserver.com/v1/create-qr-code/?size=1000x1000&margin=0&qzone=1&ecc=M&data=https%3A%2F%2Fbuildlocal.agency%2Fq%2Faz0092,https://buildlocal.agency/m/_no-website.jpg,https://buildlocal.agency/m/house-of-yards-new.jpg,house-of-yards,az0092,https://buildlocal.agency/q/az0092
Az Edge Landscaping,,,Chandler,AZ,,Az Edge Landscaping,deserves a better,78,https://api.qrserver.com/v1/create-qr-code/?size=1000x1000&margin=0&qzone=1&ecc=M&data=https%3A%2F%2Fbuildlocal.agency%2Fq%2Faz0093,https://buildlocal.agency/m/_no-website.jpg,https://buildlocal.agency/m/az-edge-landscaping-new.jpg,az-edge-landscaping,az0093,https://buildlocal.agency/q/az0093
"Arizona Home and Landscape, Inc.",,,Chandler,AZ,,Arizona Home and Landscape,deserves a better,59,https://api.qrserver.com/v1/create-qr-code/?size=1000x1000&margin=0&qzone=1&ecc=M&data=https%3A%2F%2Fbuildlocal.agency%2Fq%2Faz0094,https://buildlocal.agency/m/_no-website.jpg,https://buildlocal.agency/m/arizona-home-and-landscape-inc-new.jpg,arizona-home-and-landscape-inc,az0094,https://buildlocal.agency/q/az0094
Phillip's Landscaping Services,,,Chandler,AZ,,Phillip's Landscaping Services,deserves a better,51,https://api.qrserver.com/v1/create-qr-code/?size=1000x1000&margin=0&qzone=1&ecc=M&data=https%3A%2F%2Fbuildlocal.agency%2Fq%2Faz0095,https://buildlocal.agency/m/_no-website.jpg,https://buildlocal.agency/m/phillip-s-landscaping-services-new.jpg,phillip-s-landscaping-services,az0095,https://buildlocal.agency/q/az0095
CGL Landscaping,,,Chandler,AZ,,CGL Landscaping,deserves a better,78,https://api.qrserver.com/v1/create-qr-code/?size=1000x1000&margin=0&qzone=1&ecc=M&data=https%3A%2F%2Fbuildlocal.agency%2Fq%2Faz0096,https://buildlocal.agency/m/_no-website.jpg,https://buildlocal.agency/m/cgl-landscaping-new.jpg,cgl-landscaping,az0096,https://buildlocal.agency/q/az0096
California Pools & Landscape - Chandler,,,Chandler,AZ,,California Pools & Landscape,deserves a better,55,https://api.qrserver.com/v1/create-qr-code/?size=1000x1000&margin=0&qzone=1&ecc=M&data=https%3A%2F%2Fbuildlocal.agency%2Fq%2Faz0097,https://buildlocal.agency/m/_no-website.jpg,https://buildlocal.agency/m/california-pools-and-landscape-chandler-new.jpg,california-pools-and-landscape-chandler,az0097,https://buildlocal.agency/q/az0097
AZNativeScapes,,,Chandler,AZ,,AZNativeScapes,deserves a better,78,https://api.qrserver.com/v1/create-qr-code/?size=1000x1000&margin=0&qzone=1&ecc=M&data=https%3A%2F%2Fbuildlocal.agency%2Fq%2Faz0098,https://buildlocal.agency/m/_no-website.jpg,https://buildlocal.agency/m/aznativescapes-new.jpg,aznativescapes,az0098,https://buildlocal.agency/q/az0098
JNK LANDSCAPING AND POOLS,,,Gilbert,AZ,,JNK LANDSCAPING & POOLS,deserves a better,67,https://api.qrserver.com/v1/create-qr-code/?size=1000x1000&margin=0&qzone=1&ecc=M&data=https%3A%2F%2Fbuildlocal.agency%2Fq%2Faz0099,https://buildlocal.agency/m/_no-website.jpg,https://buildlocal.agency/m/jnk-landscaping-and-pools-new.jpg,jnk-landscaping-and-pools,az0099,https://buildlocal.agency/q/az0099
TotalScape Pros,,,Chandler,AZ,,TotalScape Pros,deserves a better,78,https://api.qrserver.com/v1/create-qr-code/?size=1000x1000&margin=0&qzone=1&ecc=M&data=https%3A%2F%2Fbuildlocal.agency%2Fq%2Faz0100,https://buildlocal.agency/m/_no-website.jpg,https://buildlocal.agency/m/totalscape-pros-new.jpg,totalscape-pros,az0100,https://buildlocal.agency/q/az0100
Pedro and Sons Landscaping LLC,,,Chandler,AZ,,Pedro and Sons Landscaping,deserves a better,59,https://api.qrserver.com/v1/create-qr-code/?size=1000x1000&margin=0&qzone=1&ecc=M&data=https%3A%2F%2Fbuildlocal.agency%2Fq%2Faz0101,https://buildlocal.agency/m/_no-website.jpg,https://buildlocal.agency/m/pedro-and-sons-landscaping-llc-new.jpg,pedro-and-sons-landscaping-llc,az0101,https://buildlocal.agency/q/az0101
Jakescape,,,Chandler,AZ,,Jakescape,deserves a better,78,https://api.qrserver.com/v1/create-qr-code/?size=1000x1000&margin=0&qzone=1&ecc=M&data=https%3A%2F%2Fbuildlocal.agency%2Fq%2Faz0102,https://buildlocal.agency/m/_no-website.jpg,https://buildlocal.agency/m/jakescape-new.jpg,jakescape,az0102,https://buildlocal.agency/q/az0102
Bless Tierra Hardscaping,,,Chandler,AZ,,Bless Tierra Hardscaping,deserves a better,64,https://api.qrserver.com/v1/create-qr-code/?size=1000x1000&margin=0&qzone=1&ecc=M&data=https%3A%2F%2Fbuildlocal.agency%2Fq%2Faz0103,https://buildlocal.agency/m/_no-website.jpg,https://buildlocal.agency/m/bless-tierra-hardscaping-new.jpg,bless-tierra-hardscaping,az0103,https://buildlocal.agency/q/az0103
Turf & Trees Landscaping.,,,Chandler,AZ,,Turf & Trees Landscaping.,deserves a better,62,https://api.qrserver.com/v1/create-qr-code/?size=1000x1000&margin=0&qzone=1&ecc=M&data=https%3A%2F%2Fbuildlocal.agency%2Fq%2Faz0104,https://buildlocal.agency/m/_no-website.jpg,https://buildlocal.agency/m/turf-and-trees-landscaping-new.jpg,turf-and-trees-landscaping,az0104,https://buildlocal.agency/q/az0104
Grass Roots Landscape Co. LLC,,,Chandler,AZ,,Grass Roots Landscape Co.,deserves a better,62,https://api.qrserver.com/v1/create-qr-code/?size=1000x1000&margin=0&qzone=1&ecc=M&data=https%3A%2F%2Fbuildlocal.agency%2Fq%2Faz0105,https://buildlocal.agency/m/_no-website.jpg,https://buildlocal.agency/m/grass-roots-landscape-co-llc-new.jpg,grass-roots-landscape-co-llc,az0105,https://buildlocal.agency/q/az0105
Mountain Eagle Landscaping,,,Chandler,AZ,,Mountain Eagle Landscaping,deserves a better,59,https://api.qrserver.com/v1/create-qr-code/?size=1000x1000&margin=0&qzone=1&ecc=M&data=https%3A%2F%2Fbuildlocal.agency%2Fq%2Faz0106,https://buildlocal.agency/m/_no-website.jpg,https://buildlocal.agency/m/mountain-eagle-landscaping-new.jpg,mountain-eagle-landscaping,az0106,https://buildlocal.agency/q/az0106
Pristine Green LLC Landscaping,,,Gilbert,AZ,,Pristine Green LLC Landscaping,deserves a better,51,https://api.qrserver.com/v1/create-qr-code/?size=1000x1000&margin=0&qzone=1&ecc=M&data=https%3A%2F%2Fbuildlocal.agency%2Fq%2Faz0107,https://buildlocal.agency/m/_no-website.jpg,https://buildlocal.agency/m/pristine-green-llc-landscaping-new.jpg,pristine-green-llc-landscaping,az0107,https://buildlocal.agency/q/az0107
Paradise Landscape & Irrigation,,,Chandler,AZ,,Paradise Landscape & Irrigation,deserves a,50,https://api.qrserver.com/v1/create-qr-code/?size=1000x1000&margin=0&qzone=1&ecc=M&data=https%3A%2F%2Fbuildlocal.agency%2Fq%2Faz0108,https://buildlocal.agency/m/_no-website.jpg,https://buildlocal.agency/m/paradise-landscape-and-irrigation-new.jpg,paradise-landscape-and-irrigation,az0108,https://buildlocal.agency/q/az0108
Enchanted Landscape and Pools,,,Chandler,AZ,,Enchanted Landscape and Pools,deserves a better,53,https://api.qrserver.com/v1/create-qr-code/?size=1000x1000&margin=0&qzone=1&ecc=M&data=https%3A%2F%2Fbuildlocal.agency%2Fq%2Faz0109,https://buildlocal.agency/m/_no-website.jpg,https://buildlocal.agency/m/enchanted-landscape-and-pools-new.jpg,enchanted-landscape-and-pools,az0109,https://buildlocal.agency/q/az0109
Trinity Landscaping LLC,,,Chandler,AZ,,Trinity Landscaping,deserves a better,78,https://api.qrserver.com/v1/create-qr-code/?size=1000x1000&margin=0&qzone=1&ecc=M&data=https%3A%2F%2Fbuildlocal.agency%2Fq%2Faz0110,https://buildlocal.agency/m/_no-website.jpg,https://buildlocal.agency/m/trinity-landscaping-llc-new.jpg,trinity-landscaping-llc,az0110,https://buildlocal.agency/q/az0110
Unique Landscapes & Custom Pools,,,Chandler,AZ,,Unique Landscapes & Pools,deserves a better,62,https://api.qrserver.com/v1/create-qr-code/?size=1000x1000&margin=0&qzone=1&ecc=M&data=https%3A%2F%2Fbuildlocal.agency%2Fq%2Faz0111,https://buildlocal.agency/m/_no-website.jpg,https://buildlocal.agency/m/unique-landscapes-and-custom-pools-new.jpg,unique-landscapes-and-custom-pools,az0111,https://buildlocal.agency/q/az0111
Miguel's Landscaping Inc.,,,Chandler,AZ,,Miguel's Landscaping,deserves a better,77,https://api.qrserver.com/v1/create-qr-code/?size=1000x1000&margin=0&qzone=1&ecc=M&data=https%3A%2F%2Fbuildlocal.agency%2Fq%2Faz0112,https://buildlocal.agency/m/_no-website.jpg,https://buildlocal.agency/m/miguel-s-landscaping-inc-new.jpg,miguel-s-landscaping-inc,az0112,https://buildlocal.agency/q/az0112
Tranquilino's Landscaping,,,Chandler,AZ,,Tranquilino's Landscaping,deserves a better,62,https://api.qrserver.com/v1/create-qr-code/?size=1000x1000&margin=0&qzone=1&ecc=M&data=https%3A%2F%2Fbuildlocal.agency%2Fq%2Faz0113,https://buildlocal.agency/m/_no-website.jpg,https://buildlocal.agency/m/tranquilino-s-landscaping-new.jpg,tranquilino-s-landscaping,az0113,https://buildlocal.agency/q/az0113
Montero Landscaping,,,Chandler,AZ,,Montero Landscaping,deserves a better,78,https://api.qrserver.com/v1/create-qr-code/?size=1000x1000&margin=0&qzone=1&ecc=M&data=https%3A%2F%2Fbuildlocal.agency%2Fq%2Faz0114,https://buildlocal.agency/m/_no-website.jpg,https://buildlocal.agency/m/montero-landscaping-new.jpg,montero-landscaping,az0114,https://buildlocal.agency/q/az0114
Red Canyon Supply LLC.,,,Chandler,AZ,,Red Canyon Supply,deserves a better,78,https://api.qrserver.com/v1/create-qr-code/?size=1000x1000&margin=0&qzone=1&ecc=M&data=https%3A%2F%2Fbuildlocal.agency%2Fq%2Faz0115,https://buildlocal.agency/m/_no-website.jpg,https://buildlocal.agency/m/red-canyon-supply-llc-new.jpg,red-canyon-supply-llc,az0115,https://buildlocal.agency/q/az0115
Ewing Outdoor Supply,,,Chandler,AZ,,Ewing Outdoor Supply,deserves a better,77,https://api.qrserver.com/v1/create-qr-code/?size=1000x1000&margin=0&qzone=1&ecc=M&data=https%3A%2F%2Fbuildlocal.agency%2Fq%2Faz0116,https://buildlocal.agency/m/_no-website.jpg,https://buildlocal.agency/m/ewing-outdoor-supply-new.jpg,ewing-outdoor-supply,az0116,https://buildlocal.agency/q/az0116
Artistic Landscape Solutions,,,Chandler,AZ,,Artistic Landscape Solutions,deserves a better,55,https://api.qrserver.com/v1/create-qr-code/?size=1000x1000&margin=0&qzone=1&ecc=M&data=https%3A%2F%2Fbuildlocal.agency%2Fq%2Faz0117,https://buildlocal.agency/m/_no-website.jpg,https://buildlocal.agency/m/artistic-landscape-solutions-new.jpg,artistic-landscape-solutions,az0117,https://buildlocal.agency/q/az0117
Catalina Landscaping,,,Gilbert,AZ,,Catalina Landscaping,deserves a better,77,https://api.qrserver.com/v1/create-qr-code/?size=1000x1000&margin=0&qzone=1&ecc=M&data=https%3A%2F%2Fbuildlocal.agency%2Fq%2Faz0118,https://buildlocal.agency/m/_no-website.jpg,https://buildlocal.agency/m/catalina-landscaping-new.jpg,catalina-landscaping,az0118,https://buildlocal.agency/q/az0118
Helix Landscape Design and Construction,,,Gilbert,AZ,,Helix Landscape Design,deserves a better,70,https://api.qrserver.com/v1/create-qr-code/?size=1000x1000&margin=0&qzone=1&ecc=M&data=https%3A%2F%2Fbuildlocal.agency%2Fq%2Faz0119,https://buildlocal.agency/m/_no-website.jpg,https://buildlocal.agency/m/helix-landscape-design-and-construction-new.jpg,helix-landscape-design-and-construction,az0119,https://buildlocal.agency/q/az0119
Urban Outdoor Solutions,,,Chandler,AZ,,Urban Outdoor Solutions,deserves a better,67,https://api.qrserver.com/v1/create-qr-code/?size=1000x1000&margin=0&qzone=1&ecc=M&data=https%3A%2F%2Fbuildlocal.agency%2Fq%2Faz0120,https://buildlocal.agency/m/_no-website.jpg,https://buildlocal.agency/m/urban-outdoor-solutions-new.jpg,urban-outdoor-solutions,az0120,https://buildlocal.agency/q/az0120
Albert's Landscaping Services,,,Chandler,AZ,,Albert's Landscaping Services,deserves a,53,https://api.qrserver.com/v1/create-qr-code/?size=1000x1000&margin=0&qzone=1&ecc=M&data=https%3A%2F%2Fbuildlocal.agency%2Fq%2Faz0121,https://buildlocal.agency/m/_no-website.jpg,https://buildlocal.agency/m/albert-s-landscaping-services-new.jpg,albert-s-landscaping-services,az0121,https://buildlocal.agency/q/az0121
"Evergreen Turf, Inc",,,Chandler,AZ,,Evergreen Turf,deserves a better,78,https://api.qrserver.com/v1/create-qr-code/?size=1000x1000&margin=0&qzone=1&ecc=M&data=https%3A%2F%2Fbuildlocal.agency%2Fq%2Faz0122,https://buildlocal.agency/m/_no-website.jpg,https://buildlocal.agency/m/evergreen-turf-inc-new.jpg,evergreen-turf-inc,az0122,https://buildlocal.agency/q/az0122
Pioneer Landscape Centers,,,Chandler,AZ,,Pioneer Landscape Centers,deserves a better,62,https://api.qrserver.com/v1/create-qr-code/?size=1000x1000&margin=0&qzone=1&ecc=M&data=https%3A%2F%2Fbuildlocal.agency%2Fq%2Faz0123,https://buildlocal.agency/m/_no-website.jpg,https://buildlocal.agency/m/pioneer-landscape-centers-new.jpg,pioneer-landscape-centers,az0123,https://buildlocal.agency/q/az0123
Peak Landscape,,,Chandler,AZ,,Peak Landscape,deserves a,78,https://api.qrserver.com/v1/create-qr-code/?size=1000x1000&margin=0&qzone=1&ecc=M&data=https%3A%2F%2Fbuildlocal.agency%2Fq%2Faz0124,https://buildlocal.agency/m/_no-website.jpg,https://buildlocal.agency/m/peak-landscape-new.jpg,peak-landscape,az0124,https://buildlocal.agency/q/az0124
The Yard Experts,,,San Tan Valley,AZ,,The Yard Experts,deserves a better,78,https://api.qrserver.com/v1/create-qr-code/?size=1000x1000&margin=0&qzone=1&ecc=M&data=https%3A%2F%2Fbuildlocal.agency%2Fq%2Faz0125,https://buildlocal.agency/m/_no-website.jpg,https://buildlocal.agency/m/the-yard-experts-new.jpg,the-yard-experts,az0125,https://buildlocal.agency/q/az0125
Chandler Artificial Grass,,,Chandler,AZ,,Chandler Artificial Grass,deserves a better,62,https://api.qrserver.com/v1/create-qr-code/?size=1000x1000&margin=0&qzone=1&ecc=M&data=https%3A%2F%2Fbuildlocal.agency%2Fq%2Faz0126,https://buildlocal.agency/m/_no-website.jpg,https://buildlocal.agency/m/chandler-artificial-grass-new.jpg,chandler-artificial-grass,az0126,https://buildlocal.agency/q/az0126
Chandler Masonry & Landscaping Pros,,,Chandler,AZ,,Chandler Masonry Pros,deserves a,73,https://api.qrserver.com/v1/create-qr-code/?size=1000x1000&margin=0&qzone=1&ecc=M&data=https%3A%2F%2Fbuildlocal.agency%2Fq%2Faz0127,https://buildlocal.agency/m/_no-website.jpg,https://buildlocal.agency/m/chandler-masonry-and-landscaping-pros-new.jpg,chandler-masonry-and-landscaping-pros,az0127,https://buildlocal.agency/q/az0127
Jorge Pro Landscaping,,,Chandler,AZ,,Jorge Pro Landscaping,deserves a better,73,https://api.qrserver.com/v1/create-qr-code/?size=1000x1000&margin=0&qzone=1&ecc=M&data=https%3A%2F%2Fbuildlocal.agency%2Fq%2Faz0128,https://buildlocal.agency/m/_no-website.jpg,https://buildlocal.agency/m/jorge-pro-landscaping-new.jpg,jorge-pro-landscaping,az0128,https://buildlocal.agency/q/az0128
AR Rock Supply LLC,,,Chandler,AZ,,AR Rock Supply,deserves a better,78,https://api.qrserver.com/v1/create-qr-code/?size=1000x1000&margin=0&qzone=1&ecc=M&data=https%3A%2F%2Fbuildlocal.agency%2Fq%2Faz0129,https://buildlocal.agency/m/_no-website.jpg,https://buildlocal.agency/m/ar-rock-supply-llc-new.jpg,ar-rock-supply-llc,az0129,https://buildlocal.agency/q/az0129
Chop Chop Landscaping,,,Chandler,AZ,,Chop Chop Landscaping,deserves a better,73,https://api.qrserver.com/v1/create-qr-code/?size=1000x1000&margin=0&qzone=1&ecc=M&data=https%3A%2F%2Fbuildlocal.agency%2Fq%2Faz0130,https://buildlocal.agency/m/_no-website.jpg,https://buildlocal.agency/m/chop-chop-landscaping-new.jpg,chop-chop-landscaping,az0130,https://buildlocal.agency/q/az0130
Rock Werks Landscape Supply,,,Chandler,AZ,,Rock Werks Landscape Supply,deserves a better,57,https://api.qrserver.com/v1/create-qr-code/?size=1000x1000&margin=0&qzone=1&ecc=M&data=https%3A%2F%2Fbuildlocal.agency%2Fq%2Faz0131,https://buildlocal.agency/m/_no-website.jpg,https://buildlocal.agency/m/rock-werks-landscape-supply-new.jpg,rock-werks-landscape-supply,az0131,https://buildlocal.agency/q/az0131
Apex Landscape Maintenance,,,Chandler,AZ,,Apex Landscape Maintenance,deserves a,59,https://api.qrserver.com/v1/create-qr-code/?size=1000x1000&margin=0&qzone=1&ecc=M&data=https%3A%2F%2Fbuildlocal.agency%2Fq%2Faz0132,https://buildlocal.agency/m/_no-website.jpg,https://buildlocal.agency/m/apex-landscape-maintenance-new.jpg,apex-landscape-maintenance,az0132,https://buildlocal.agency/q/az0132
Palms and Trees USA Inc,,,Gilbert,AZ,,Palms and Trees USA Inc,deserves a,67,https://api.qrserver.com/v1/create-qr-code/?size=1000x1000&margin=0&qzone=1&ecc=M&data=https%3A%2F%2Fbuildlocal.agency%2Fq%2Faz0133,https://buildlocal.agency/m/_no-website.jpg,https://buildlocal.agency/m/palms-and-trees-usa-inc-palms-and-trees-landscaping-new.jpg,palms-and-trees-usa-inc-palms-and-trees-landscaping,az0133,https://buildlocal.agency/q/az0133
Blossom & Oak Landscaping,,,Queen Creek,AZ,,Blossom & Oak Landscaping,deserves a better,62,https://api.qrserver.com/v1/create-qr-code/?size=1000x1000&margin=0&qzone=1&ecc=M&data=https%3A%2F%2Fbuildlocal.agency%2Fq%2Faz0134,https://buildlocal.agency/m/_no-website.jpg,https://buildlocal.agency/m/blossom-and-oak-landscaping-new.jpg,blossom-and-oak-landscaping,az0134,https://buildlocal.agency/q/az0134
Western Skies Landscaping,,,Gilbert,AZ,,Western Skies Landscaping,deserves a better,62,https://api.qrserver.com/v1/create-qr-code/?size=1000x1000&margin=0&qzone=1&ecc=M&data=https%3A%2F%2Fbuildlocal.agency%2Fq%2Faz0135,https://buildlocal.agency/m/_no-website.jpg,https://buildlocal.agency/m/western-skies-landscaping-new.jpg,western-skies-landscaping,az0135,https://buildlocal.agency/q/az0135
Mami’s Landscaping LLC,,,Gilbert,AZ,,Mami’s Landscaping,deserves a better,78,https://api.qrserver.com/v1/create-qr-code/?size=1000x1000&margin=0&qzone=1&ecc=M&data=https%3A%2F%2Fbuildlocal.agency%2Fq%2Faz0136,https://buildlocal.agency/m/_no-website.jpg,https://buildlocal.agency/m/mami-s-landscaping-llc-new.jpg,mami-s-landscaping-llc,az0136,https://buildlocal.agency/q/az0136
Tranquil Oasis Landscapes,,,Gilbert,AZ,,Tranquil Oasis Landscapes,deserves a better,62,https://api.qrserver.com/v1/create-qr-code/?size=1000x1000&margin=0&qzone=1&ecc=M&data=https%3A%2F%2Fbuildlocal.agency%2Fq%2Faz0137,https://buildlocal.agency/m/_no-website.jpg,https://buildlocal.agency/m/tranquil-oasis-landscapes-new.jpg,tranquil-oasis-landscapes,az0137,https://buildlocal.agency/q/az0137
Sprinkler Doctors,,,Gilbert,AZ,,Sprinkler Doctors,deserves a better,78,https://api.qrserver.com/v1/create-qr-code/?size=1000x1000&margin=0&qzone=1&ecc=M&data=https%3A%2F%2Fbuildlocal.agency%2Fq%2Faz0138,https://buildlocal.agency/m/_no-website.jpg,https://buildlocal.agency/m/sprinkler-doctors-new.jpg,sprinkler-doctors,az0138,https://buildlocal.agency/q/az0138
"Griffin's Desert Scapes, Inc",,,Gilbert,AZ,,Griffin's Desert Scapes,deserves a better,67,https://api.qrserver.com/v1/create-qr-code/?size=1000x1000&margin=0&qzone=1&ecc=M&data=https%3A%2F%2Fbuildlocal.agency%2Fq%2Faz0139,https://buildlocal.agency/m/_no-website.jpg,https://buildlocal.agency/m/griffin-s-desert-scapes-inc-new.jpg,griffin-s-desert-scapes-inc,az0139,https://buildlocal.agency/q/az0139
The Yard Stylist,,,Gilbert,AZ,,The Yard Stylist,deserves a better,78,https://api.qrserver.com/v1/create-qr-code/?size=1000x1000&margin=0&qzone=1&ecc=M&data=https%3A%2F%2Fbuildlocal.agency%2Fq%2Faz0140,https://buildlocal.agency/m/_no-website.jpg,https://buildlocal.agency/m/the-yard-stylist-new.jpg,the-yard-stylist,az0140,https://buildlocal.agency/q/az0140
Landpros Landscape Concepts and Design,,,Gilbert,AZ,,Landpros Landscape Concepts,deserves a better,57,https://api.qrserver.com/v1/create-qr-code/?size=1000x1000&margin=0&qzone=1&ecc=M&data=https%3A%2F%2Fbuildlocal.agency%2Fq%2Faz0141,https://buildlocal.agency/m/_no-website.jpg,https://buildlocal.agency/m/landpros-landscape-concepts-and-design-new.jpg,landpros-landscape-concepts-and-design,az0141,https://buildlocal.agency/q/az0141
Aspen Ridge Landscape and Design,,,Gilbert,AZ,,Aspen Ridge Landscape,deserves a better,73,https://api.qrserver.com/v1/create-qr-code/?size=1000x1000&margin=0&qzone=1&ecc=M&data=https%3A%2F%2Fbuildlocal.agency%2Fq%2Faz0142,https://buildlocal.agency/m/_no-website.jpg,https://buildlocal.agency/m/aspen-ridge-landscape-and-design-new.jpg,aspen-ridge-landscape-and-design,az0142,https://buildlocal.agency/q/az0142
New Creations Landscape Services,,,Gilbert,AZ,,New Creations Landscape,deserves a better,67,https://api.qrserver.com/v1/create-qr-code/?size=1000x1000&margin=0&qzone=1&ecc=M&data=https%3A%2F%2Fbuildlocal.agency%2Fq%2Faz0143,https://buildlocal.agency/m/_no-website.jpg,https://buildlocal.agency/m/new-creations-landscape-services-new.jpg,new-creations-landscape-services,az0143,https://buildlocal.agency/q/az0143
"Outdoor Concepts Design and Landscaping Inc. - Landscape & Pool Designers in Gilbert, AZ",,,Gilbert,AZ,,Outdoor Concepts Design,deserves a better,67,https://api.qrserver.com/v1/create-qr-code/?size=1000x1000&margin=0&qzone=1&ecc=M&data=https%3A%2F%2Fbuildlocal.agency%2Fq%2Faz0144,https://buildlocal.agency/m/_no-website.jpg,https://buildlocal.agency/m/outdoor-concepts-design-and-landscaping-inc-landscape-and-po-new.jpg,outdoor-concepts-design-and-landscaping-inc-landscape-and-po,az0144,https://buildlocal.agency/q/az0144
Lambert Landscape,,,San Tan Valley,AZ,,Lambert Landscape,deserves a better,78,https://api.qrserver.com/v1/create-qr-code/?size=1000x1000&margin=0&qzone=1&ecc=M&data=https%3A%2F%2Fbuildlocal.agency%2Fq%2Faz0145,https://buildlocal.agency/m/_no-website.jpg,https://buildlocal.agency/m/lambert-landscape-new.jpg,lambert-landscape,az0145,https://buildlocal.agency/q/az0145
DREA'S LANDSCAPING LLC,,,Gilbert,AZ,,DREA'S LANDSCAPING,deserves a better,78,https://api.qrserver.com/v1/create-qr-code/?size=1000x1000&margin=0&qzone=1&ecc=M&data=https%3A%2F%2Fbuildlocal.agency%2Fq%2Faz0146,https://buildlocal.agency/m/_no-website.jpg,https://buildlocal.agency/m/drea-s-landscaping-llc-new.jpg,drea-s-landscaping-llc,az0146,https://buildlocal.agency/q/az0146
SANCTUARY LANDSCAPE,,,Gilbert,AZ,,SANCTUARY LANDSCAPE,deserves a better,78,https://api.qrserver.com/v1/create-qr-code/?size=1000x1000&margin=0&qzone=1&ecc=M&data=https%3A%2F%2Fbuildlocal.agency%2Fq%2Faz0147,https://buildlocal.agency/m/_no-website.jpg,https://buildlocal.agency/m/sanctuary-landscape-new.jpg,sanctuary-landscape,az0147,https://buildlocal.agency/q/az0147
Happy Tree Landscaping,,,Gilbert,AZ,,Happy Tree Landscaping,deserves a better,70,https://api.qrserver.com/v1/create-qr-code/?size=1000x1000&margin=0&qzone=1&ecc=M&data=https%3A%2F%2Fbuildlocal.agency%2Fq%2Faz0148,https://buildlocal.agency/m/_no-website.jpg,https://buildlocal.agency/m/happy-tree-landscaping-new.jpg,happy-tree-landscaping,az0148,https://buildlocal.agency/q/az0148
Outdoor Landscape Lighting,,,Gilbert,AZ,,Outdoor Landscape Lighting,deserves a better,59,https://api.qrserver.com/v1/create-qr-code/?size=1000x1000&margin=0&qzone=1&ecc=M&data=https%3A%2F%2Fbuildlocal.agency%2Fq%2Faz0149,https://buildlocal.agency/m/_no-website.jpg,https://buildlocal.agency/m/outdoor-landscape-lighting-new.jpg,outdoor-landscape-lighting,az0149,https://buildlocal.agency/q/az0149
Pioneer Landscape Centers,,,Gilbert,AZ,,Pioneer Landscape Centers,deserves a better,62,https://api.qrserver.com/v1/create-qr-code/?size=1000x1000&margin=0&qzone=1&ecc=M&data=https%3A%2F%2Fbuildlocal.agency%2Fq%2Faz0150,https://buildlocal.agency/m/_no-website.jpg,https://buildlocal.agency/m/pioneer-landscape-centers-gilbert-new.jpg,pioneer-landscape-centers-gilbert,az0150,https://buildlocal.agency/q/az0150
Radiant Landscape Maintenance LLC,,,Gilbert,AZ,,Radiant Landscape Maintenance,deserves a better,53,https://api.qrserver.com/v1/create-qr-code/?size=1000x1000&margin=0&qzone=1&ecc=M&data=https%3A%2F%2Fbuildlocal.agency%2Fq%2Faz0151,https://buildlocal.agency/m/_no-website.jpg,https://buildlocal.agency/m/radiant-landscape-maintenance-llc-new.jpg,radiant-landscape-maintenance-llc,az0151,https://buildlocal.agency/q/az0151
BrightView Landscapes,,,Gilbert,AZ,,BrightView Landscapes,deserves a better,73,https://api.qrserver.com/v1/create-qr-code/?size=1000x1000&margin=0&qzone=1&ecc=M&data=https%3A%2F%2Fbuildlocal.agency%2Fq%2Faz0152,https://buildlocal.agency/m/_no-website.jpg,https://buildlocal.agency/m/brightview-landscapes-new.jpg,brightview-landscapes,az0152,https://buildlocal.agency/q/az0152
Turf Time AZ,,,Gilbert,AZ,,Turf Time,deserves a better,78,https://api.qrserver.com/v1/create-qr-code/?size=1000x1000&margin=0&qzone=1&ecc=M&data=https%3A%2F%2Fbuildlocal.agency%2Fq%2Faz0153,https://buildlocal.agency/m/_no-website.jpg,https://buildlocal.agency/m/turf-time-az-new.jpg,turf-time-az,az0153,https://buildlocal.agency/q/az0153
"Four Season Clean Ups, LLC",,,Gilbert,AZ,,Four Season Clean Ups,deserves a,73,https://api.qrserver.com/v1/create-qr-code/?size=1000x1000&margin=0&qzone=1&ecc=M&data=https%3A%2F%2Fbuildlocal.agency%2Fq%2Faz0154,https://buildlocal.agency/m/_no-website.jpg,https://buildlocal.agency/m/four-season-clean-ups-llc-new.jpg,four-season-clean-ups-llc,az0154,https://buildlocal.agency/q/az0154
Wildcat Landscaping Services,,,Gilbert,AZ,,Wildcat Landscaping Services,deserves a better,55,https://api.qrserver.com/v1/create-qr-code/?size=1000x1000&margin=0&qzone=1&ecc=M&data=https%3A%2F%2Fbuildlocal.agency%2Fq%2Faz0155,https://buildlocal.agency/m/_no-website.jpg,https://buildlocal.agency/m/wildcat-landscaping-services-new.jpg,wildcat-landscaping-services,az0155,https://buildlocal.agency/q/az0155
Luxe Outdoor Environments of Scottsdale | Landscapes & Pools,,,Scottsdale,AZ,,Luxe Outdoor Environments,deserves a better,62,https://api.qrserver.com/v1/create-qr-code/?size=1000x1000&margin=0&qzone=1&ecc=M&data=https%3A%2F%2Fbuildlocal.agency%2Fq%2Faz0156,https://buildlocal.agency/m/_no-website.jpg,https://buildlocal.agency/m/luxe-outdoor-environments-of-scottsdale-landscapes-and-pools-new.jpg,luxe-outdoor-environments-of-scottsdale-landscapes-and-pools,az0156,https://buildlocal.agency/q/az0156
Scottsdale Landscaping,,,Scottsdale,AZ,,Scottsdale Landscaping,deserves a better,70,https://api.qrserver.com/v1/create-qr-code/?size=1000x1000&margin=0&qzone=1&ecc=M&data=https%3A%2F%2Fbuildlocal.agency%2Fq%2Faz0157,https://buildlocal.agency/m/_no-website.jpg,https://buildlocal.agency/m/scottsdale-landscaping-new.jpg,scottsdale-landscaping,az0157,https://buildlocal.agency/q/az0157
Phoenix Landscaping and Pools,,,Scottsdale,AZ,,Phoenix Landscaping and Pools,deserves a,53,https://api.qrserver.com/v1/create-qr-code/?size=1000x1000&margin=0&qzone=1&ecc=M&data=https%3A%2F%2Fbuildlocal.agency%2Fq%2Faz0158,https://buildlocal.agency/m/_no-website.jpg,https://buildlocal.agency/m/phoenix-landscaping-and-pools-new.jpg,phoenix-landscaping-and-pools,az0158,https://buildlocal.agency/q/az0158
Eclipse Landscape & Design,,,Scottsdale,AZ,,Eclipse Landscape & Design,deserves a better,59,https://api.qrserver.com/v1/create-qr-code/?size=1000x1000&margin=0&qzone=1&ecc=M&data=https%3A%2F%2Fbuildlocal.agency%2Fq%2Faz0159,https://buildlocal.agency/m/_no-website.jpg,https://buildlocal.agency/m/eclipse-landscape-and-design-new.jpg,eclipse-landscape-and-design,az0159,https://buildlocal.agency/q/az0159
Envirogreen Landscape Design-Build,,,Scottsdale,AZ,,Envirogreen Landscape Design,deserves a better,55,https://api.qrserver.com/v1/create-qr-code/?size=1000x1000&margin=0&qzone=1&ecc=M&data=https%3A%2F%2Fbuildlocal.agency%2Fq%2Faz0160,https://buildlocal.agency/m/_no-website.jpg,https://buildlocal.agency/m/envirogreen-landscape-design-build-new.jpg,envirogreen-landscape-design-build,az0160,https://buildlocal.agency/q/az0160
Jay's Lawns LLC,,,Scottsdale,AZ,,Jay's Lawns,deserves a,78,https://api.qrserver.com/v1/create-qr-code/?size=1000x1000&margin=0&qzone=1&ecc=M&data=https%3A%2F%2Fbuildlocal.agency%2Fq%2Faz0161,https://buildlocal.agency/m/_no-website.jpg,https://buildlocal.agency/m/jay-s-lawns-llc-new.jpg,jay-s-lawns-llc,az0161,https://buildlocal.agency/q/az0161
Lovely's Landscaping,,,Scottsdale,AZ,,Lovely's Landscaping,deserves a,77,https://api.qrserver.com/v1/create-qr-code/?size=1000x1000&margin=0&qzone=1&ecc=M&data=https%3A%2F%2Fbuildlocal.agency%2Fq%2Faz0162,https://buildlocal.agency/m/_no-website.jpg,https://buildlocal.agency/m/lovely-s-landscaping-new.jpg,lovely-s-landscaping,az0162,https://buildlocal.agency/q/az0162
High End Outdoor Services,,,Scottsdale,AZ,,High End Outdoor Services,deserves a better,62,https://api.qrserver.com/v1/create-qr-code/?size=1000x1000&margin=0&qzone=1&ecc=M&data=https%3A%2F%2Fbuildlocal.agency%2Fq%2Faz0163,https://buildlocal.agency/m/_no-website.jpg,https://buildlocal.agency/m/high-end-outdoor-services-new.jpg,high-end-outdoor-services,az0163,https://buildlocal.agency/q/az0163
Thompson Landscape,,,Scottsdale,AZ,,Thompson Landscape,deserves a better,78,https://api.qrserver.com/v1/create-qr-code/?size=1000x1000&margin=0&qzone=1&ecc=M&data=https%3A%2F%2Fbuildlocal.agency%2Fq%2Faz0164,https://buildlocal.agency/m/_no-website.jpg,https://buildlocal.agency/m/thompson-landscape-new.jpg,thompson-landscape,az0164,https://buildlocal.agency/q/az0164
Think Green Design | Build Landscape,,,Scottsdale,AZ,,Think Green Design,deserves a better,78,https://api.qrserver.com/v1/create-qr-code/?size=1000x1000&margin=0&qzone=1&ecc=M&data=https%3A%2F%2Fbuildlocal.agency%2Fq%2Faz0165,https://buildlocal.agency/m/_no-website.jpg,https://buildlocal.agency/m/think-green-design-build-landscape-new.jpg,think-green-design-build-landscape,az0165,https://buildlocal.agency/q/az0165
On Site Landscape,,,Scottsdale,AZ,,On Site Landscape,deserves a better,78,https://api.qrserver.com/v1/create-qr-code/?size=1000x1000&margin=0&qzone=1&ecc=M&data=https%3A%2F%2Fbuildlocal.agency%2Fq%2Faz0166,https://buildlocal.agency/m/_no-website.jpg,https://buildlocal.agency/m/on-site-landscape-new.jpg,on-site-landscape,az0166,https://buildlocal.agency/q/az0166
Bobby B's Landscaping,,,Scottsdale,AZ,,Bobby B's Landscaping,deserves a better,73,https://api.qrserver.com/v1/create-qr-code/?size=1000x1000&margin=0&qzone=1&ecc=M&data=https%3A%2F%2Fbuildlocal.agency%2Fq%2Faz0167,https://buildlocal.agency/m/_no-website.jpg,https://buildlocal.agency/m/bobby-b-s-landscaping-new.jpg,bobby-b-s-landscaping,az0167,https://buildlocal.agency/q/az0167
Camelback Hardscapes,,,Scottsdale,AZ,,Camelback Hardscapes,deserves a,77,https://api.qrserver.com/v1/create-qr-code/?size=1000x1000&margin=0&qzone=1&ecc=M&data=https%3A%2F%2Fbuildlocal.agency%2Fq%2Faz0168,https://buildlocal.agency/m/_no-website.jpg,https://buildlocal.agency/m/camelback-hardscapes-new.jpg,camelback-hardscapes,az0168,https://buildlocal.agency/q/az0168
Scottsdale Landscaping Company,,,Scottsdale,AZ,,Scottsdale Landscaping,deserves a better,70,https://api.qrserver.com/v1/create-qr-code/?size=1000x1000&margin=0&qzone=1&ecc=M&data=https%3A%2F%2Fbuildlocal.agency%2Fq%2Faz0169,https://buildlocal.agency/m/_no-website.jpg,https://buildlocal.agency/m/scottsdale-landscaping-company-new.jpg,scottsdale-landscaping-company,az0169,https://buildlocal.agency/q/az0169
A & A Materials,,,Scottsdale,AZ,,A & A Materials,deserves a better,78,https://api.qrserver.com/v1/create-qr-code/?size=1000x1000&margin=0&qzone=1&ecc=M&data=https%3A%2F%2Fbuildlocal.agency%2Fq%2Faz0170,https://buildlocal.agency/m/_no-website.jpg,https://buildlocal.agency/m/a-and-a-materials-new.jpg,a-and-a-materials,az0170,https://buildlocal.agency/q/az0170
Southwest Outdoor Solutions,,,Scottsdale,AZ,,Southwest Outdoor Solutions,deserves a better,57,https://api.qrserver.com/v1/create-qr-code/?size=1000x1000&margin=0&qzone=1&ecc=M&data=https%3A%2F%2Fbuildlocal.agency%2Fq%2Faz0171,https://buildlocal.agency/m/_no-website.jpg,https://buildlocal.agency/m/southwest-outdoor-solutions-new.jpg,southwest-outdoor-solutions,az0171,https://buildlocal.agency/q/az0171
Outdoorscapes Design Group,,,Scottsdale,AZ,,Outdoorscapes Design Group,deserves a better,59,https://api.qrserver.com/v1/create-qr-code/?size=1000x1000&margin=0&qzone=1&ecc=M&data=https%3A%2F%2Fbuildlocal.agency%2Fq%2Faz0172,https://buildlocal.agency/m/_no-website.jpg,https://buildlocal.agency/m/outdoorscapes-design-group-new.jpg,outdoorscapes-design-group,az0172,https://buildlocal.agency/q/az0172
"Sonoran Landscape Company, LLC",,,Scottsdale,AZ,,Sonoran Landscape Company,deserves a,62,https://api.qrserver.com/v1/create-qr-code/?size=1000x1000&margin=0&qzone=1&ecc=M&data=https%3A%2F%2Fbuildlocal.agency%2Fq%2Faz0173,https://buildlocal.agency/m/_no-website.jpg,https://buildlocal.agency/m/sonoran-landscape-company-llc-new.jpg,sonoran-landscape-company-llc,az0173,https://buildlocal.agency/q/az0173
Scottsdale Xeriscape Garden,,,Scottsdale,AZ,,Scottsdale Xeriscape Garden,deserves a better,57,https://api.qrserver.com/v1/create-qr-code/?size=1000x1000&margin=0&qzone=1&ecc=M&data=https%3A%2F%2Fbuildlocal.agency%2Fq%2Faz0174,https://buildlocal.agency/m/_no-website.jpg,https://buildlocal.agency/m/scottsdale-xeriscape-garden-new.jpg,scottsdale-xeriscape-garden,az0174,https://buildlocal.agency/q/az0174
New Build Landscaping Co.,,,Scottsdale,AZ,,New Build Landscaping,deserves a better,73,https://api.qrserver.com/v1/create-qr-code/?size=1000x1000&margin=0&qzone=1&ecc=M&data=https%3A%2F%2Fbuildlocal.agency%2Fq%2Faz0175,https://buildlocal.agency/m/_no-website.jpg,https://buildlocal.agency/m/new-build-landscaping-co-new.jpg,new-build-landscaping-co,az0175,https://buildlocal.agency/q/az0175
Pro Outdoor Living,,,Scottsdale,AZ,,Pro Outdoor Living,deserves a better,78,https://api.qrserver.com/v1/create-qr-code/?size=1000x1000&margin=0&qzone=1&ecc=M&data=https%3A%2F%2Fbuildlocal.agency%2Fq%2Faz0176,https://buildlocal.agency/m/_no-website.jpg,https://buildlocal.agency/m/pro-outdoor-living-new.jpg,pro-outdoor-living,az0176,https://buildlocal.agency/q/az0176
Highline Outdoors,,,Scottsdale,AZ,,Highline Outdoors,deserves a better,78,https://api.qrserver.com/v1/create-qr-code/?size=1000x1000&margin=0&qzone=1&ecc=M&data=https%3A%2F%2Fbuildlocal.agency%2Fq%2Faz0177,https://buildlocal.agency/m/_no-website.jpg,https://buildlocal.agency/m/highline-outdoors-new.jpg,highline-outdoors,az0177,https://buildlocal.agency/q/az0177
Arte Verde Landscape Design,,,Scottsdale,AZ,,Arte Verde Landscape Design,deserves a better,57,https://api.qrserver.com/v1/create-qr-code/?size=1000x1000&margin=0&qzone=1&ecc=M&data=https%3A%2F%2Fbuildlocal.agency%2Fq%2Faz0178,https://buildlocal.agency/m/_no-website.jpg,https://buildlocal.agency/m/arte-verde-landscape-design-new.jpg,arte-verde-landscape-design,az0178,https://buildlocal.agency/q/az0178
Trusted Terrain Landscaping,,,Scottsdale,AZ,,Trusted Terrain Landscaping,deserves a better,57,https://api.qrserver.com/v1/create-qr-code/?size=1000x1000&margin=0&qzone=1&ecc=M&data=https%3A%2F%2Fbuildlocal.agency%2Fq%2Faz0179,https://buildlocal.agency/m/_no-website.jpg,https://buildlocal.agency/m/trusted-terrain-landscaping-new.jpg,trusted-terrain-landscaping,az0179,https://buildlocal.agency/q/az0179
Refined Gardens,,,Scottsdale,AZ,,Refined Gardens,deserves a better,78,https://api.qrserver.com/v1/create-qr-code/?size=1000x1000&margin=0&qzone=1&ecc=M&data=https%3A%2F%2Fbuildlocal.agency%2Fq%2Faz0180,https://buildlocal.agency/m/_no-website.jpg,https://buildlocal.agency/m/refined-gardens-new.jpg,refined-gardens,az0180,https://buildlocal.agency/q/az0180
The Grounds Guys of Scottsdale,,,Scottsdale,AZ,,The Grounds Guys of Scottsdale,deserves a better,51,https://api.qrserver.com/v1/create-qr-code/?size=1000x1000&margin=0&qzone=1&ecc=M&data=https%3A%2F%2Fbuildlocal.agency%2Fq%2Faz0181,https://buildlocal.agency/m/_no-website.jpg,https://buildlocal.agency/m/the-grounds-guys-of-scottsdale-new.jpg,the-grounds-guys-of-scottsdale,az0181,https://buildlocal.agency/q/az0181
Innovative Landscaping Services,,,Scottsdale,AZ,,Innovative Landscaping Services,deserves a better,50,https://api.qrserver.com/v1/create-qr-code/?size=1000x1000&margin=0&qzone=1&ecc=M&data=https%3A%2F%2Fbuildlocal.agency%2Fq%2Faz0182,https://buildlocal.agency/m/_no-website.jpg,https://buildlocal.agency/m/innovative-landscaping-services-new.jpg,innovative-landscaping-services,az0182,https://buildlocal.agency/q/az0182
Scottsdale Flow Irrigation LLC,,,Scottsdale,AZ,,Scottsdale Flow Irrigation,deserves a better,59,https://api.qrserver.com/v1/create-qr-code/?size=1000x1000&margin=0&qzone=1&ecc=M&data=https%3A%2F%2Fbuildlocal.agency%2Fq%2Faz0183,https://buildlocal.agency/m/_no-website.jpg,https://buildlocal.agency/m/scottsdale-flow-irrigation-llc-new.jpg,scottsdale-flow-irrigation-llc,az0183,https://buildlocal.agency/q/az0183
"Good Landscaping, Inc",,,Scottsdale,AZ,,Good Landscaping,deserves a better,78,https://api.qrserver.com/v1/create-qr-code/?size=1000x1000&margin=0&qzone=1&ecc=M&data=https%3A%2F%2Fbuildlocal.agency%2Fq%2Faz0184,https://buildlocal.agency/m/_no-website.jpg,https://buildlocal.agency/m/good-landscaping-inc-new.jpg,good-landscaping-inc,az0184,https://buildlocal.agency/q/az0184
TFP Landscaping,,,Scottsdale,AZ,,TFP Landscaping,deserves a better,78,https://api.qrserver.com/v1/create-qr-code/?size=1000x1000&margin=0&qzone=1&ecc=M&data=https%3A%2F%2Fbuildlocal.agency%2Fq%2Faz0185,https://buildlocal.agency/m/_no-website.jpg,https://buildlocal.agency/m/tfp-landscaping-new.jpg,tfp-landscaping,az0185,https://buildlocal.agency/q/az0185
Big Bully Turf,,,Scottsdale,AZ,,Big Bully Turf,deserves a better,78,https://api.qrserver.com/v1/create-qr-code/?size=1000x1000&margin=0&qzone=1&ecc=M&data=https%3A%2F%2Fbuildlocal.agency%2Fq%2Faz0186,https://buildlocal.agency/m/_no-website.jpg,https://buildlocal.agency/m/big-bully-turf-new.jpg,big-bully-turf,az0186,https://buildlocal.agency/q/az0186
Vickers Landscape LLC,,,Scottsdale,AZ,,Vickers Landscape,deserves a better,78,https://api.qrserver.com/v1/create-qr-code/?size=1000x1000&margin=0&qzone=1&ecc=M&data=https%3A%2F%2Fbuildlocal.agency%2Fq%2Faz0187,https://buildlocal.agency/m/_no-website.jpg,https://buildlocal.agency/m/vickers-landscape-llc-new.jpg,vickers-landscape-llc,az0187,https://buildlocal.agency/q/az0187
Landscaping by Andre,,,Scottsdale,AZ,,Landscaping by Andre,deserves a better,77,https://api.qrserver.com/v1/create-qr-code/?size=1000x1000&margin=0&qzone=1&ecc=M&data=https%3A%2F%2Fbuildlocal.agency%2Fq%2Faz0188,https://buildlocal.agency/m/_no-website.jpg,https://buildlocal.agency/m/landscaping-by-andre-new.jpg,landscaping-by-andre,az0188,https://buildlocal.agency/q/az0188
Desert Art Landscaping Ltd,,,Scottsdale,AZ,,Desert Art Landscaping,deserves a,70,https://api.qrserver.com/v1/create-qr-code/?size=1000x1000&margin=0&qzone=1&ecc=M&data=https%3A%2F%2Fbuildlocal.agency%2Fq%2Faz0189,https://buildlocal.agency/m/_no-website.jpg,https://buildlocal.agency/m/desert-art-landscaping-ltd-new.jpg,desert-art-landscaping-ltd,az0189,https://buildlocal.agency/q/az0189
Nez Landscape,,,Scottsdale,AZ,,Nez Landscape,deserves a,78,https://api.qrserver.com/v1/create-qr-code/?size=1000x1000&margin=0&qzone=1&ecc=M&data=https%3A%2F%2Fbuildlocal.agency%2Fq%2Faz0190,https://buildlocal.agency/m/_no-website.jpg,https://buildlocal.agency/m/nez-landscape-new.jpg,nez-landscape,az0190,https://buildlocal.agency/q/az0190
All Valley Turf,,,Scottsdale,AZ,,All Valley Turf,deserves a better,78,https://api.qrserver.com/v1/create-qr-code/?size=1000x1000&margin=0&qzone=1&ecc=M&data=https%3A%2F%2Fbuildlocal.agency%2Fq%2Faz0191,https://buildlocal.agency/m/_no-website.jpg,https://buildlocal.agency/m/all-valley-turf-new.jpg,all-valley-turf,az0191,https://buildlocal.agency/q/az0191
LANDSCAPING PEREZ LLC,,,Scottsdale,AZ,,LANDSCAPING PEREZ,deserves a better,78,https://api.qrserver.com/v1/create-qr-code/?size=1000x1000&margin=0&qzone=1&ecc=M&data=https%3A%2F%2Fbuildlocal.agency%2Fq%2Faz0192,https://buildlocal.agency/m/_no-website.jpg,https://buildlocal.agency/m/landscaping-perez-llc-new.jpg,landscaping-perez-llc,az0192,https://buildlocal.agency/q/az0192
Greey Pickett,,,Scottsdale,AZ,,Greey Pickett,deserves a better,78,https://api.qrserver.com/v1/create-qr-code/?size=1000x1000&margin=0&qzone=1&ecc=M&data=https%3A%2F%2Fbuildlocal.agency%2Fq%2Faz0193,https://buildlocal.agency/m/_no-website.jpg,https://buildlocal.agency/m/greey-pickett-new.jpg,greey-pickett,az0193,https://buildlocal.agency/q/az0193
Harmony Landscape Design,,,Scottsdale,AZ,,Harmony Landscape Design,deserves a better,64,https://api.qrserver.com/v1/create-qr-code/?size=1000x1000&margin=0&qzone=1&ecc=M&data=https%3A%2F%2Fbuildlocal.agency%2Fq%2Faz0194,https://buildlocal.agency/m/_no-website.jpg,https://buildlocal.agency/m/harmony-landscape-design-new.jpg,harmony-landscape-design,az0194,https://buildlocal.agency/q/az0194
Lion Landscaping AZ LLC,,,Tempe,AZ,,Lion Landscaping AZ,deserves a,78,https://api.qrserver.com/v1/create-qr-code/?size=1000x1000&margin=0&qzone=1&ecc=M&data=https%3A%2F%2Fbuildlocal.agency%2Fq%2Faz0195,https://buildlocal.agency/m/_no-website.jpg,https://buildlocal.agency/m/lion-landscaping-az-llc-new.jpg,lion-landscaping-az-llc,az0195,https://buildlocal.agency/q/az0195
Bell De Mar Landscaping,,,Tempe,AZ,,Bell De Mar Landscaping,deserves a better,67,https://api.qrserver.com/v1/create-qr-code/?size=1000x1000&margin=0&qzone=1&ecc=M&data=https%3A%2F%2Fbuildlocal.agency%2Fq%2Faz0196,https://buildlocal.agency/m/_no-website.jpg,https://buildlocal.agency/m/bell-de-mar-landscaping-new.jpg,bell-de-mar-landscaping,az0196,https://buildlocal.agency/q/az0196
"Greenheart Landscapes, LLC",,,Tempe,AZ,,Greenheart Landscapes,deserves a better,73,https://api.qrserver.com/v1/create-qr-code/?size=1000x1000&margin=0&qzone=1&ecc=M&data=https%3A%2F%2Fbuildlocal.agency%2Fq%2Faz0197,https://buildlocal.agency/m/_no-website.jpg,https://buildlocal.agency/m/greenheart-landscapes-llc-new.jpg,greenheart-landscapes-llc,az0197,https://buildlocal.agency/q/az0197
Rising Tide Luxury Outdoors,,,Tempe,AZ,,Rising Tide Luxury Outdoors,deserves a better,57,https://api.qrserver.com/v1/create-qr-code/?size=1000x1000&margin=0&qzone=1&ecc=M&data=https%3A%2F%2Fbuildlocal.agency%2Fq%2Faz0198,https://buildlocal.agency/m/_no-website.jpg,https://buildlocal.agency/m/rising-tide-luxury-outdoors-new.jpg,rising-tide-luxury-outdoors,az0198,https://buildlocal.agency/q/az0198
Solera Landscaping,,,Tempe,AZ,,Solera Landscaping,deserves a better,78,https://api.qrserver.com/v1/create-qr-code/?size=1000x1000&margin=0&qzone=1&ecc=M&data=https%3A%2F%2Fbuildlocal.agency%2Fq%2Faz0199,https://buildlocal.agency/m/_no-website.jpg,https://buildlocal.agency/m/solera-landscaping-new.jpg,solera-landscaping,az0199,https://buildlocal.agency/q/az0199
Desert Designer Landscape & Development,,,Tempe,AZ,,Desert Designer Landscape,deserves a better,62,https://api.qrserver.com/v1/create-qr-code/?size=1000x1000&margin=0&qzone=1&ecc=M&data=https%3A%2F%2Fbuildlocal.agency%2Fq%2Faz0200,https://buildlocal.agency/m/_no-website.jpg,https://buildlocal.agency/m/desert-designer-landscape-and-development-new.jpg,desert-designer-landscape-and-development,az0200,https://buildlocal.agency/q/az0200
Cj's Landscaping,,,Tempe,AZ,,Cj's Landscaping,deserves a,78,https://api.qrserver.com/v1/create-qr-code/?size=1000x1000&margin=0&qzone=1&ecc=M&data=https%3A%2F%2Fbuildlocal.agency%2Fq%2Faz0201,https://buildlocal.agency/m/_no-website.jpg,https://buildlocal.agency/m/cj-s-landscaping-new.jpg,cj-s-landscaping,az0201,https://buildlocal.agency/q/az0201
Curb Appeal Arizona,,,Tempe,AZ,,Curb Appeal,deserves a better,78,https://api.qrserver.com/v1/create-qr-code/?size=1000x1000&margin=0&qzone=1&ecc=M&data=https%3A%2F%2Fbuildlocal.agency%2Fq%2Faz0202,https://buildlocal.agency/m/_no-website.jpg,https://buildlocal.agency/m/curb-appeal-arizona-new.jpg,curb-appeal-arizona,az0202,https://buildlocal.agency/q/az0202
Tempe Landscaping,,,Tempe,AZ,,Tempe Landscaping,deserves a better,78,https://api.qrserver.com/v1/create-qr-code/?size=1000x1000&margin=0&qzone=1&ecc=M&data=https%3A%2F%2Fbuildlocal.agency%2Fq%2Faz0203,https://buildlocal.agency/m/_no-website.jpg,https://buildlocal.agency/m/tempe-landscaping-new.jpg,tempe-landscaping,az0203,https://buildlocal.agency/q/az0203
Sierra Sun Landscaping,,,Tempe,AZ,,Sierra Sun Landscaping,deserves a better,70,https://api.qrserver.com/v1/create-qr-code/?size=1000x1000&margin=0&qzone=1&ecc=M&data=https%3A%2F%2Fbuildlocal.agency%2Fq%2Faz0204,https://buildlocal.agency/m/_no-website.jpg,https://buildlocal.agency/m/sierra-sun-landscaping-new.jpg,sierra-sun-landscaping,az0204,https://buildlocal.agency/q/az0204
"Creative Environments Design, Pool, & Landscape Inc",,,Tempe,AZ,,Creative Environments Design,deserves a better,55,https://api.qrserver.com/v1/create-qr-code/?size=1000x1000&margin=0&qzone=1&ecc=M&data=https%3A%2F%2Fbuildlocal.agency%2Fq%2Faz0205,https://buildlocal.agency/m/_no-website.jpg,https://buildlocal.agency/m/creative-environments-design-pool-and-landscape-inc-new.jpg,creative-environments-design-pool-and-landscape-inc,az0205,https://buildlocal.agency/q/az0205
Arizona Luxury Lawns & Putting Greens,,,Tempe,AZ,,Arizona Luxury Lawns,deserves a better,77,https://api.qrserver.com/v1/create-qr-code/?size=1000x1000&margin=0&qzone=1&ecc=M&data=https%3A%2F%2Fbuildlocal.agency%2Fq%2Faz0206,https://buildlocal.agency/m/_no-website.jpg,https://buildlocal.agency/m/arizona-luxury-lawns-and-putting-greens-new.jpg,arizona-luxury-lawns-and-putting-greens,az0206,https://buildlocal.agency/q/az0206
ProQual Landscaping,,,Tempe,AZ,,ProQual Landscaping,deserves a better,78,https://api.qrserver.com/v1/create-qr-code/?size=1000x1000&margin=0&qzone=1&ecc=M&data=https%3A%2F%2Fbuildlocal.agency%2Fq%2Faz0207,https://buildlocal.agency/m/_no-website.jpg,https://buildlocal.agency/m/proqual-landscaping-new.jpg,proqual-landscaping,az0207,https://buildlocal.agency/q/az0207
SiteOne Landscape Supply,,,Tempe,AZ,,SiteOne Landscape Supply,deserves a better,64,https://api.qrserver.com/v1/create-qr-code/?size=1000x1000&margin=0&qzone=1&ecc=M&data=https%3A%2F%2Fbuildlocal.agency%2Fq%2Faz0208,https://buildlocal.agency/m/_no-website.jpg,https://buildlocal.agency/m/siteone-landscape-supply-new.jpg,siteone-landscape-supply,az0208,https://buildlocal.agency/q/az0208
Lavender Landscape Design Co.,,,Tempe,AZ,,Lavender Landscape Design,deserves a better,62,https://api.qrserver.com/v1/create-qr-code/?size=1000x1000&margin=0&qzone=1&ecc=M&data=https%3A%2F%2Fbuildlocal.agency%2Fq%2Faz0209,https://buildlocal.agency/m/_no-website.jpg,https://buildlocal.agency/m/lavender-landscape-design-co-new.jpg,lavender-landscape-design-co,az0209,https://buildlocal.agency/q/az0209
AAA All Pro Lawn & Sprinkler,,,Tempe,AZ,,AAA All Pro Lawn & Sprinkler,deserves a better,55,https://api.qrserver.com/v1/create-qr-code/?size=1000x1000&margin=0&qzone=1&ecc=M&data=https%3A%2F%2Fbuildlocal.agency%2Fq%2Faz0210,https://buildlocal.agency/m/_no-website.jpg,https://buildlocal.agency/m/aaa-all-pro-lawn-and-sprinkler-new.jpg,aaa-all-pro-lawn-and-sprinkler,az0210,https://buildlocal.agency/q/az0210
DBL Landscaping,,,Tempe,AZ,,DBL Landscaping,deserves a better,78,https://api.qrserver.com/v1/create-qr-code/?size=1000x1000&margin=0&qzone=1&ecc=M&data=https%3A%2F%2Fbuildlocal.agency%2Fq%2Faz0211,https://buildlocal.agency/m/_no-website.jpg,https://buildlocal.agency/m/dbl-landscaping-new.jpg,dbl-landscaping,az0211,https://buildlocal.agency/q/az0211
Gothic Landscaping,,,Tempe,AZ,,Gothic Landscaping,deserves a,78,https://api.qrserver.com/v1/create-qr-code/?size=1000x1000&margin=0&qzone=1&ecc=M&data=https%3A%2F%2Fbuildlocal.agency%2Fq%2Faz0212,https://buildlocal.agency/m/_no-website.jpg,https://buildlocal.agency/m/gothic-landscaping-new.jpg,gothic-landscaping,az0212,https://buildlocal.agency/q/az0212
Klean-Rite Landscape Services,,,Tempe,AZ,,Klean-Rite Landscape Services,deserves a better,53,https://api.qrserver.com/v1/create-qr-code/?size=1000x1000&margin=0&qzone=1&ecc=M&data=https%3A%2F%2Fbuildlocal.agency%2Fq%2Faz0213,https://buildlocal.agency/m/_no-website.jpg,https://buildlocal.agency/m/klean-rite-landscape-services-new.jpg,klean-rite-landscape-services,az0213,https://buildlocal.agency/q/az0213
PEAK Outdoor Living,,,Tempe,AZ,,PEAK Outdoor Living,deserves a better,78,https://api.qrserver.com/v1/create-qr-code/?size=1000x1000&margin=0&qzone=1&ecc=M&data=https%3A%2F%2Fbuildlocal.agency%2Fq%2Faz0214,https://buildlocal.agency/m/_no-website.jpg,https://buildlocal.agency/m/peak-outdoor-living-new.jpg,peak-outdoor-living,az0214,https://buildlocal.agency/q/az0214
R H Dupper Landscaping Inc,,,Tempe,AZ,,R H Dupper Landscaping,deserves a,70,https://api.qrserver.com/v1/create-qr-code/?size=1000x1000&margin=0&qzone=1&ecc=M&data=https%3A%2F%2Fbuildlocal.agency%2Fq%2Faz0215,https://buildlocal.agency/m/_no-website.jpg,https://buildlocal.agency/m/r-h-dupper-landscaping-inc-new.jpg,r-h-dupper-landscaping-inc,az0215,https://buildlocal.agency/q/az0215
"Top Notch Landscaping, LLC",,,Tempe,AZ,,Top Notch Landscaping,deserves a better,73,https://api.qrserver.com/v1/create-qr-code/?size=1000x1000&margin=0&qzone=1&ecc=M&data=https%3A%2F%2Fbuildlocal.agency%2Fq%2Faz0216,https://buildlocal.agency/m/_no-website.jpg,https://buildlocal.agency/m/top-notch-landscaping-llc-new.jpg,top-notch-landscaping-llc,az0216,https://buildlocal.agency/q/az0216
Blue Rose Landscaping LLC,,,Tempe,AZ,,Blue Rose Landscaping,deserves a better,73,https://api.qrserver.com/v1/create-qr-code/?size=1000x1000&margin=0&qzone=1&ecc=M&data=https%3A%2F%2Fbuildlocal.agency%2Fq%2Faz0217,https://buildlocal.agency/m/_no-website.jpg,https://buildlocal.agency/m/blue-rose-landscaping-llc-new.jpg,blue-rose-landscaping-llc,az0217,https://buildlocal.agency/q/az0217
IDT Landscaping,,,Tempe,AZ,,IDT Landscaping,deserves a better,78,https://api.qrserver.com/v1/create-qr-code/?size=1000x1000&margin=0&qzone=1&ecc=M&data=https%3A%2F%2Fbuildlocal.agency%2Fq%2Faz0218,https://buildlocal.agency/m/_no-website.jpg,https://buildlocal.agency/m/idt-landscaping-new.jpg,idt-landscaping,az0218,https://buildlocal.agency/q/az0218
Green Solutions Landscaping,,,Tempe,AZ,,Green Solutions Landscaping,deserves a better,57,https://api.qrserver.com/v1/create-qr-code/?size=1000x1000&margin=0&qzone=1&ecc=M&data=https%3A%2F%2Fbuildlocal.agency%2Fq%2Faz0219,https://buildlocal.agency/m/_no-website.jpg,https://buildlocal.agency/m/green-solutions-landscaping-new.jpg,green-solutions-landscaping,az0219,https://buildlocal.agency/q/az0219
Saguaro Signature Landscaping,,,Phoenix,AZ,,Saguaro Signature Landscaping,deserves a better,53,https://api.qrserver.com/v1/create-qr-code/?size=1000x1000&margin=0&qzone=1&ecc=M&data=https%3A%2F%2Fbuildlocal.agency%2Fq%2Faz0220,https://buildlocal.agency/m/_no-website.jpg,https://buildlocal.agency/m/saguaro-signature-landscaping-new.jpg,saguaro-signature-landscaping,az0220,https://buildlocal.agency/q/az0220
Ewing Outdoor Supply,,,Guadalupe,AZ,,Ewing Outdoor Supply,deserves a better,77,https://api.qrserver.com/v1/create-qr-code/?size=1000x1000&margin=0&qzone=1&ecc=M&data=https%3A%2F%2Fbuildlocal.agency%2Fq%2Faz0221,https://buildlocal.agency/m/_no-website.jpg,https://buildlocal.agency/m/ewing-outdoor-supply-guadalupe-new.jpg,ewing-outdoor-supply-guadalupe,az0221,https://buildlocal.agency/q/az0221
Abraxas's Landscaping,,,Tempe,AZ,,Abraxas's Landscaping,deserves a better,73,https://api.qrserver.com/v1/create-qr-code/?size=1000x1000&margin=0&qzone=1&ecc=M&data=https%3A%2F%2Fbuildlocal.agency%2Fq%2Faz0222,https://buildlocal.agency/m/_no-website.jpg,https://buildlocal.agency/m/abraxas-s-landscaping-new.jpg,abraxas-s-landscaping,az0222,https://buildlocal.agency/q/az0222
Tempe Tree Removal and Landscaping,,,Tempe,AZ,,Tempe Tree Removal,deserves a better,78,https://api.qrserver.com/v1/create-qr-code/?size=1000x1000&margin=0&qzone=1&ecc=M&data=https%3A%2F%2Fbuildlocal.agency%2Fq%2Faz0223,https://buildlocal.agency/m/_no-website.jpg,https://buildlocal.agency/m/tempe-tree-removal-and-landscaping-new.jpg,tempe-tree-removal-and-landscaping,az0223,https://buildlocal.agency/q/az0223
Integrated Landscape Management,,,Tempe,AZ,,Integrated Landscape,deserves a better,77,https://api.qrserver.com/v1/create-qr-code/?size=1000x1000&margin=0&qzone=1&ecc=M&data=https%3A%2F%2Fbuildlocal.agency%2Fq%2Faz0224,https://buildlocal.agency/m/_no-website.jpg,https://buildlocal.agency/m/integrated-landscape-management-new.jpg,integrated-landscape-management,az0224,https://buildlocal.agency/q/az0224
Diversified Landscape Management,,,Phoenix,AZ,,Diversified Landscape,deserves a better,73,https://api.qrserver.com/v1/create-qr-code/?size=1000x1000&margin=0&qzone=1&ecc=M&data=https%3A%2F%2Fbuildlocal.agency%2Fq%2Faz0225,https://buildlocal.agency/m/_no-website.jpg,https://buildlocal.agency/m/diversified-landscape-management-new.jpg,diversified-landscape-management,az0225,https://buildlocal.agency/q/az0225
Horizon Landscaping Corp.,,,Tempe,AZ,,Horizon Landscaping,deserves a,78,https://api.qrserver.com/v1/create-qr-code/?size=1000x1000&margin=0&qzone=1&ecc=M&data=https%3A%2F%2Fbuildlocal.agency%2Fq%2Faz0226,https://buildlocal.agency/m/_no-website.jpg,https://buildlocal.agency/m/horizon-landscaping-corp-new.jpg,horizon-landscaping-corp,az0226,https://buildlocal.agency/q/az0226
Luxe Lawns,,,Tempe,AZ,,Luxe Lawns,deserves a better,78,https://api.qrserver.com/v1/create-qr-code/?size=1000x1000&margin=0&qzone=1&ecc=M&data=https%3A%2F%2Fbuildlocal.agency%2Fq%2Faz0227,https://buildlocal.agency/m/_no-website.jpg,https://buildlocal.agency/m/luxe-lawns-new.jpg,luxe-lawns,az0227,https://buildlocal.agency/q/az0227
Ewing Outdoor Supply,,,Tempe,AZ,,Ewing Outdoor Supply,deserves a better,77,https://api.qrserver.com/v1/create-qr-code/?size=1000x1000&margin=0&qzone=1&ecc=M&data=https%3A%2F%2Fbuildlocal.agency%2Fq%2Faz0228,https://buildlocal.agency/m/_no-website.jpg,https://buildlocal.agency/m/ewing-outdoor-supply-tempe-new.jpg,ewing-outdoor-supply-tempe,az0228,https://buildlocal.agency/q/az0228
Coy Landscaping & Mntce Inc,,,Phoenix,AZ,,Coy Landscaping & Mntce,deserves a better,67,https://api.qrserver.com/v1/create-qr-code/?size=1000x1000&margin=0&qzone=1&ecc=M&data=https%3A%2F%2Fbuildlocal.agency%2Fq%2Faz0229,https://buildlocal.agency/m/_no-website.jpg,https://buildlocal.agency/m/coy-landscaping-and-mntce-inc-new.jpg,coy-landscaping-and-mntce-inc,az0229,https://buildlocal.agency/q/az0229
"Xeriscape Demonstration Garden, City of Tempe, AZ",,,Tempe,AZ,,Xeriscape Demonstration,deserves a better,67,https://api.qrserver.com/v1/create-qr-code/?size=1000x1000&margin=0&qzone=1&ecc=M&data=https%3A%2F%2Fbuildlocal.agency%2Fq%2Faz0230,https://buildlocal.agency/m/_no-website.jpg,https://buildlocal.agency/m/xeriscape-demonstration-garden-city-of-tempe-az-new.jpg,xeriscape-demonstration-garden-city-of-tempe-az,az0230,https://buildlocal.agency/q/az0230
Pioneer,,,Tempe,AZ,,Pioneer,deserves a,78,https://api.qrserver.com/v1/create-qr-code/?size=1000x1000&margin=0&qzone=1&ecc=M&data=https%3A%2F%2Fbuildlocal.agency%2Fq%2Faz0231,https://buildlocal.agency/m/_no-website.jpg,https://buildlocal.agency/m/pioneer-new.jpg,pioneer,az0231,https://buildlocal.agency/q/az0231
KO’s Landscaping LLC,,,Glendale,AZ,,KO’s Landscaping,deserves a better,78,https://api.qrserver.com/v1/create-qr-code/?size=1000x1000&margin=0&qzone=1&ecc=M&data=https%3A%2F%2Fbuildlocal.agency%2Fq%2Faz0232,https://buildlocal.agency/m/_no-website.jpg,https://buildlocal.agency/m/ko-s-landscaping-llc-new.jpg,ko-s-landscaping-llc,az0232,https://buildlocal.agency/q/az0232
Glen C Landscaping & Hardscape,,,Glendale,AZ,,Glen C Landscaping,deserves a better,78,https://api.qrserver.com/v1/create-qr-code/?size=1000x1000&margin=0&qzone=1&ecc=M&data=https%3A%2F%2Fbuildlocal.agency%2Fq%2Faz0233,https://buildlocal.agency/m/_no-website.jpg,https://buildlocal.agency/m/glen-c-landscaping-and-hardscape-new.jpg,glen-c-landscaping-and-hardscape,az0233,https://buildlocal.agency/q/az0233
Az Empire Landscaping LLC.,,,Glendale,AZ,,Az Empire Landscaping,deserves a better,73,https://api.qrserver.com/v1/create-qr-code/?size=1000x1000&margin=0&qzone=1&ecc=M&data=https%3A%2F%2Fbuildlocal.agency%2Fq%2Faz0234,https://buildlocal.agency/m/_no-website.jpg,https://buildlocal.agency/m/az-empire-landscaping-llc-new.jpg,az-empire-landscaping-llc,az0234,https://buildlocal.agency/q/az0234
"Reyes Lawn Service, Inc.",,,Glendale,AZ,,Reyes Lawn Service,deserves a better,78,https://api.qrserver.com/v1/create-qr-code/?size=1000x1000&margin=0&qzone=1&ecc=M&data=https%3A%2F%2Fbuildlocal.agency%2Fq%2Faz0235,https://buildlocal.agency/m/_no-website.jpg,https://buildlocal.agency/m/reyes-lawn-service-inc-new.jpg,reyes-lawn-service-inc,az0235,https://buildlocal.agency/q/az0235
CITY2CITY LANDSCAPING AZ LLC,,,Glendale,AZ,,CITY2CITY LANDSCAPING AZ,deserves a,64,https://api.qrserver.com/v1/create-qr-code/?size=1000x1000&margin=0&qzone=1&ecc=M&data=https%3A%2F%2Fbuildlocal.agency%2Fq%2Faz0236,https://buildlocal.agency/m/_no-website.jpg,https://buildlocal.agency/m/city2city-landscaping-az-llc-new.jpg,city2city-landscaping-az-llc,az0236,https://buildlocal.agency/q/az0236
Cornerstone Landscape,,,Glendale,AZ,,Cornerstone Landscape,deserves a better,73,https://api.qrserver.com/v1/create-qr-code/?size=1000x1000&margin=0&qzone=1&ecc=M&data=https%3A%2F%2Fbuildlocal.agency%2Fq%2Faz0237,https://buildlocal.agency/m/_no-website.jpg,https://buildlocal.agency/m/cornerstone-landscape-new.jpg,cornerstone-landscape,az0237,https://buildlocal.agency/q/az0237
Desert Rose Landscaping LLC.,,,Glendale,AZ,,Desert Rose Landscaping,deserves a better,67,https://api.qrserver.com/v1/create-qr-code/?size=1000x1000&margin=0&qzone=1&ecc=M&data=https%3A%2F%2Fbuildlocal.agency%2Fq%2Faz0238,https://buildlocal.agency/m/_no-website.jpg,https://buildlocal.agency/m/desert-rose-landscaping-llc-new.jpg,desert-rose-landscaping-llc,az0238,https://buildlocal.agency/q/az0238
"Paradise Landscape Creations, LLC",,,Glendale,AZ,,Paradise Landscape Creations,deserves a better,55,https://api.qrserver.com/v1/create-qr-code/?size=1000x1000&margin=0&qzone=1&ecc=M&data=https%3A%2F%2Fbuildlocal.agency%2Fq%2Faz0239,https://buildlocal.agency/m/_no-website.jpg,https://buildlocal.agency/m/paradise-landscape-creations-llc-new.jpg,paradise-landscape-creations-llc,az0239,https://buildlocal.agency/q/az0239
Reyna Landscaping LLC,,,Glendale,AZ,,Reyna Landscaping,deserves a,78,https://api.qrserver.com/v1/create-qr-code/?size=1000x1000&margin=0&qzone=1&ecc=M&data=https%3A%2F%2Fbuildlocal.agency%2Fq%2Faz0240,https://buildlocal.agency/m/_no-website.jpg,https://buildlocal.agency/m/reyna-landscaping-llc-new.jpg,reyna-landscaping-llc,az0240,https://buildlocal.agency/q/az0240
"Mariposa Landscape Arizona, Inc. | Glendale, AZ",,,Glendale,AZ,,Mariposa Landscape,deserves a better,78,https://api.qrserver.com/v1/create-qr-code/?size=1000x1000&margin=0&qzone=1&ecc=M&data=https%3A%2F%2Fbuildlocal.agency%2Fq%2Faz0241,https://buildlocal.agency/m/_no-website.jpg,https://buildlocal.agency/m/mariposa-landscape-arizona-inc-glendale-az-new.jpg,mariposa-landscape-arizona-inc-glendale-az,az0241,https://buildlocal.agency/q/az0241
"Risen kings tree, service & landscape co. LLC.",,,Glendale,AZ,,Risen kings tree,deserves a better,78,https://api.qrserver.com/v1/create-qr-code/?size=1000x1000&margin=0&qzone=1&ecc=M&data=https%3A%2F%2Fbuildlocal.agency%2Fq%2Faz0242,https://buildlocal.agency/m/_no-website.jpg,https://buildlocal.agency/m/risen-kings-tree-service-and-landscape-co-llc-new.jpg,risen-kings-tree-service-and-landscape-co-llc,az0242,https://buildlocal.agency/q/az0242
Sunburst Landscaping,,,Peoria,AZ,,Sunburst Landscaping,deserves a better,77,https://api.qrserver.com/v1/create-qr-code/?size=1000x1000&margin=0&qzone=1&ecc=M&data=https%3A%2F%2Fbuildlocal.agency%2Fq%2Faz0243,https://buildlocal.agency/m/_no-website.jpg,https://buildlocal.agency/m/sunburst-landscaping-new.jpg,sunburst-landscaping,az0243,https://buildlocal.agency/q/az0243
TLC Lawn Repair LLC,,,Peoria,AZ,,TLC Lawn Repair,deserves a better,78,https://api.qrserver.com/v1/create-qr-code/?size=1000x1000&margin=0&qzone=1&ecc=M&data=https%3A%2F%2Fbuildlocal.agency%2Fq%2Faz0244,https://buildlocal.agency/m/_no-website.jpg,https://buildlocal.agency/m/tlc-lawn-repair-llc-new.jpg,tlc-lawn-repair-llc,az0244,https://buildlocal.agency/q/az0244
Chop Chop Landscaping,,,Glendale,AZ,,Chop Chop Landscaping,deserves a better,73,https://api.qrserver.com/v1/create-qr-code/?size=1000x1000&margin=0&qzone=1&ecc=M&data=https%3A%2F%2Fbuildlocal.agency%2Fq%2Faz0245,https://buildlocal.agency/m/_no-website.jpg,https://buildlocal.agency/m/chop-chop-landscaping-glendale-new.jpg,chop-chop-landscaping-glendale,az0245,https://buildlocal.agency/q/az0245
Damone Landscaping,,,Glendale,AZ,,Damone Landscaping,deserves a better,78,https://api.qrserver.com/v1/create-qr-code/?size=1000x1000&margin=0&qzone=1&ecc=M&data=https%3A%2F%2Fbuildlocal.agency%2Fq%2Faz0246,https://buildlocal.agency/m/_no-website.jpg,https://buildlocal.agency/m/damone-landscaping-new.jpg,damone-landscaping,az0246,https://buildlocal.agency/q/az0246
Keystone Landscapes,,,Glendale,AZ,,Keystone Landscapes,deserves a better,78,https://api.qrserver.com/v1/create-qr-code/?size=1000x1000&margin=0&qzone=1&ecc=M&data=https%3A%2F%2Fbuildlocal.agency%2Fq%2Faz0247,https://buildlocal.agency/m/_no-website.jpg,https://buildlocal.agency/m/keystone-landscapes-new.jpg,keystone-landscapes,az0247,https://buildlocal.agency/q/az0247
Galindo Lawn Service,,,Glendale,AZ,,Galindo Lawn Service,deserves a,77,https://api.qrserver.com/v1/create-qr-code/?size=1000x1000&margin=0&qzone=1&ecc=M&data=https%3A%2F%2Fbuildlocal.agency%2Fq%2Faz0248,https://buildlocal.agency/m/_no-website.jpg,https://buildlocal.agency/m/galindo-lawn-service-new.jpg,galindo-lawn-service,az0248,https://buildlocal.agency/q/az0248
Reparo landscaping,,,Phoenix,AZ,,Reparo landscaping,deserves a,78,https://api.qrserver.com/v1/create-qr-code/?size=1000x1000&margin=0&qzone=1&ecc=M&data=https%3A%2F%2Fbuildlocal.agency%2Fq%2Faz0249,https://buildlocal.agency/m/_no-website.jpg,https://buildlocal.agency/m/reparo-landscaping-new.jpg,reparo-landscaping,az0249,https://buildlocal.agency/q/az0249
Sophora Landscaping And Design,,,Glendale,AZ,,Sophora Landscaping,deserves a better,78,https://api.qrserver.com/v1/create-qr-code/?size=1000x1000&margin=0&qzone=1&ecc=M&data=https%3A%2F%2Fbuildlocal.agency%2Fq%2Faz0250,https://buildlocal.agency/m/_no-website.jpg,https://buildlocal.agency/m/sophora-landscaping-and-design-new.jpg,sophora-landscaping-and-design,az0250,https://buildlocal.agency/q/az0250
Natural look landscaping,,,Glendale,AZ,,Natural look landscaping,deserves a,64,https://api.qrserver.com/v1/create-qr-code/?size=1000x1000&margin=0&qzone=1&ecc=M&data=https%3A%2F%2Fbuildlocal.agency%2Fq%2Faz0251,https://buildlocal.agency/m/_no-website.jpg,https://buildlocal.agency/m/natural-look-landscaping-new.jpg,natural-look-landscaping,az0251,https://buildlocal.agency/q/az0251
Yzagere Enterprises,,,Glendale,AZ,,Yzagere Enterprises,deserves a better,78,https://api.qrserver.com/v1/create-qr-code/?size=1000x1000&margin=0&qzone=1&ecc=M&data=https%3A%2F%2Fbuildlocal.agency%2Fq%2Faz0252,https://buildlocal.agency/m/_no-website.jpg,https://buildlocal.agency/m/yzagere-enterprises-new.jpg,yzagere-enterprises,az0252,https://buildlocal.agency/q/az0252
Garcia Landscaping & Handyman Services,,,Glendale,AZ,,Garcia Landscaping,deserves a,78,https://api.qrserver.com/v1/create-qr-code/?size=1000x1000&margin=0&qzone=1&ecc=M&data=https%3A%2F%2Fbuildlocal.agency%2Fq%2Faz0253,https://buildlocal.agency/m/_no-website.jpg,https://buildlocal.agency/m/garcia-landscaping-and-handyman-services-new.jpg,garcia-landscaping-and-handyman-services,az0253,https://buildlocal.agency/q/az0253
Cutting Edge Curbing Sand & Rock,,,Glendale,AZ,,Cutting Edge Curbing,deserves a better,77,https://api.qrserver.com/v1/create-qr-code/?size=1000x1000&margin=0&qzone=1&ecc=M&data=https%3A%2F%2Fbuildlocal.agency%2Fq%2Faz0254,https://buildlocal.agency/m/_no-website.jpg,https://buildlocal.agency/m/cutting-edge-curbing-sand-and-rock-new.jpg,cutting-edge-curbing-sand-and-rock,az0254,https://buildlocal.agency/q/az0254
"Shepherd Landscaping, LLC",,,Glendale,AZ,,Shepherd Landscaping,deserves a,77,https://api.qrserver.com/v1/create-qr-code/?size=1000x1000&margin=0&qzone=1&ecc=M&data=https%3A%2F%2Fbuildlocal.agency%2Fq%2Faz0255,https://buildlocal.agency/m/_no-website.jpg,https://buildlocal.agency/m/shepherd-landscaping-llc-new.jpg,shepherd-landscaping-llc,az0255,https://buildlocal.agency/q/az0255
En Caliente Landscaping,,,Glendale,AZ,,En Caliente Landscaping,deserves a better,67,https://api.qrserver.com/v1/create-qr-code/?size=1000x1000&margin=0&qzone=1&ecc=M&data=https%3A%2F%2Fbuildlocal.agency%2Fq%2Faz0256,https://buildlocal.agency/m/_no-website.jpg,https://buildlocal.agency/m/en-caliente-landscaping-new.jpg,en-caliente-landscaping,az0256,https://buildlocal.agency/q/az0256
Alpha 2 Omega Landscaping Inc.,,,Glendale,AZ,,Alpha 2 Omega Landscaping,deserves a better,62,https://api.qrserver.com/v1/create-qr-code/?size=1000x1000&margin=0&qzone=1&ecc=M&data=https%3A%2F%2Fbuildlocal.agency%2Fq%2Faz0257,https://buildlocal.agency/m/_no-website.jpg,https://buildlocal.agency/m/alpha-2-omega-landscaping-inc-new.jpg,alpha-2-omega-landscaping-inc,az0257,https://buildlocal.agency/q/az0257
Pablo's Landscaping,,,Glendale,AZ,,Pablo's Landscaping,deserves a,78,https://api.qrserver.com/v1/create-qr-code/?size=1000x1000&margin=0&qzone=1&ecc=M&data=https%3A%2F%2Fbuildlocal.agency%2Fq%2Faz0258,https://buildlocal.agency/m/_no-website.jpg,https://buildlocal.agency/m/pablo-s-landscaping-new.jpg,pablo-s-landscaping,az0258,https://buildlocal.agency/q/az0258
Top Quality Lawn & Ground Services,,,Glendale,AZ,,Top Quality Lawn & Ground,deserves a better,62,https://api.qrserver.com/v1/create-qr-code/?size=1000x1000&margin=0&qzone=1&ecc=M&data=https%3A%2F%2Fbuildlocal.agency%2Fq%2Faz0259,https://buildlocal.agency/m/_no-website.jpg,https://buildlocal.agency/m/top-quality-lawn-and-ground-services-new.jpg,top-quality-lawn-and-ground-services,az0259,https://buildlocal.agency/q/az0259
Landscape Materials,,,Glendale,AZ,,Landscape Materials,deserves a,78,https://api.qrserver.com/v1/create-qr-code/?size=1000x1000&margin=0&qzone=1&ecc=M&data=https%3A%2F%2Fbuildlocal.agency%2Fq%2Faz0260,https://buildlocal.agency/m/_no-website.jpg,https://buildlocal.agency/m/landscape-materials-new.jpg,landscape-materials,az0260,https://buildlocal.agency/q/az0260
Father&Son Landscaping,,,Glendale,AZ,,Father&Son Landscaping,deserves a,70,https://api.qrserver.com/v1/create-qr-code/?size=1000x1000&margin=0&qzone=1&ecc=M&data=https%3A%2F%2Fbuildlocal.agency%2Fq%2Faz0261,https://buildlocal.agency/m/_no-website.jpg,https://buildlocal.agency/m/fatherandson-landscaping-new.jpg,fatherandson-landscaping,az0261,https://buildlocal.agency/q/az0261
Royal Tree Works,,,Glendale,AZ,,Royal Tree Works,deserves a better,78,https://api.qrserver.com/v1/create-qr-code/?size=1000x1000&margin=0&qzone=1&ecc=M&data=https%3A%2F%2Fbuildlocal.agency%2Fq%2Faz0262,https://buildlocal.agency/m/_no-website.jpg,https://buildlocal.agency/m/royal-tree-works-new.jpg,royal-tree-works,az0262,https://buildlocal.agency/q/az0262
Victor's Landscaping Inc.,,,Peoria,AZ,,Victor's Landscaping,deserves a better,77,https://api.qrserver.com/v1/create-qr-code/?size=1000x1000&margin=0&qzone=1&ecc=M&data=https%3A%2F%2Fbuildlocal.agency%2Fq%2Faz0263,https://buildlocal.agency/m/_no-website.jpg,https://buildlocal.agency/m/victor-s-landscaping-inc-new.jpg,victor-s-landscaping-inc,az0263,https://buildlocal.agency/q/az0263
Power Green Landscaping LLC,,,Glendale,AZ,,Power Green Landscaping,deserves a better,67,https://api.qrserver.com/v1/create-qr-code/?size=1000x1000&margin=0&qzone=1&ecc=M&data=https%3A%2F%2Fbuildlocal.agency%2Fq%2Faz0264,https://buildlocal.agency/m/_no-website.jpg,https://buildlocal.agency/m/power-green-landscaping-llc-new.jpg,power-green-landscaping-llc,az0264,https://buildlocal.agency/q/az0264
Phoenix Lawn & Landscaping llc,,,Glendale,AZ,,Phoenix Lawn & Landscaping,deserves a better,59,https://api.qrserver.com/v1/create-qr-code/?size=1000x1000&margin=0&qzone=1&ecc=M&data=https%3A%2F%2Fbuildlocal.agency%2Fq%2Faz0265,https://buildlocal.agency/m/_no-website.jpg,https://buildlocal.agency/m/phoenix-lawn-and-landscaping-llc-new.jpg,phoenix-lawn-and-landscaping-llc,az0265,https://buildlocal.agency/q/az0265
Bedrock Sand and Gravel,,,Glendale,AZ,,Bedrock Sand and Gravel,deserves a better,67,https://api.qrserver.com/v1/create-qr-code/?size=1000x1000&margin=0&qzone=1&ecc=M&data=https%3A%2F%2Fbuildlocal.agency%2Fq%2Faz0266,https://buildlocal.agency/m/_no-website.jpg,https://buildlocal.agency/m/bedrock-sand-and-gravel-new.jpg,bedrock-sand-and-gravel,az0266,https://buildlocal.agency/q/az0266
USA Landscaping & Design,,,Glendale,AZ,,USA Landscaping & Design,deserves a better,64,https://api.qrserver.com/v1/create-qr-code/?size=1000x1000&margin=0&qzone=1&ecc=M&data=https%3A%2F%2Fbuildlocal.agency%2Fq%2Faz0267,https://buildlocal.agency/m/_no-website.jpg,https://buildlocal.agency/m/usa-landscaping-and-design-new.jpg,usa-landscaping-and-design,az0267,https://buildlocal.agency/q/az0267
MB LANDSCAPE LLC,,,Glendale,AZ,,MB LANDSCAPE,deserves a better,78,https://api.qrserver.com/v1/create-qr-code/?size=1000x1000&margin=0&qzone=1&ecc=M&data=https%3A%2F%2Fbuildlocal.agency%2Fq%2Faz0268,https://buildlocal.agency/m/_no-website.jpg,https://buildlocal.agency/m/mb-landscape-llc-new.jpg,mb-landscape-llc,az0268,https://buildlocal.agency/q/az0268
Scenic Solutions Landscaping,,,Glendale,AZ,,Scenic Solutions Landscaping,deserves a,55,https://api.qrserver.com/v1/create-qr-code/?size=1000x1000&margin=0&qzone=1&ecc=M&data=https%3A%2F%2Fbuildlocal.agency%2Fq%2Faz0269,https://buildlocal.agency/m/_no-website.jpg,https://buildlocal.agency/m/scenic-solutions-landscaping-new.jpg,scenic-solutions-landscaping,az0269,https://buildlocal.agency/q/az0269
BTN Landscaping,,,Glendale,AZ,,BTN Landscaping,deserves a,78,https://api.qrserver.com/v1/create-qr-code/?size=1000x1000&margin=0&qzone=1&ecc=M&data=https%3A%2F%2Fbuildlocal.agency%2Fq%2Faz0270,https://buildlocal.agency/m/_no-website.jpg,https://buildlocal.agency/m/btn-landscaping-new.jpg,btn-landscaping,az0270,https://buildlocal.agency/q/az0270
Greenyard Landscaping,,,Glendale,AZ,,Greenyard Landscaping,deserves a better,73,https://api.qrserver.com/v1/create-qr-code/?size=1000x1000&margin=0&qzone=1&ecc=M&data=https%3A%2F%2Fbuildlocal.agency%2Fq%2Faz0271,https://buildlocal.agency/m/_no-website.jpg,https://buildlocal.agency/m/greenyard-landscaping-new.jpg,greenyard-landscaping,az0271,https://buildlocal.agency/q/az0271
Valley Vista Landscape,,,Peoria,AZ,,Valley Vista Landscape,deserves a better,70,https://api.qrserver.com/v1/create-qr-code/?size=1000x1000&margin=0&qzone=1&ecc=M&data=https%3A%2F%2Fbuildlocal.agency%2Fq%2Faz0272,https://buildlocal.agency/m/_no-website.jpg,https://buildlocal.agency/m/valley-vista-landscape-new.jpg,valley-vista-landscape,az0272,https://buildlocal.agency/q/az0272
Mirage Landscaping & Construction LLC,,,Peoria,AZ,,Mirage Landscaping,deserves a better,78,https://api.qrserver.com/v1/create-qr-code/?size=1000x1000&margin=0&qzone=1&ecc=M&data=https%3A%2F%2Fbuildlocal.agency%2Fq%2Faz0273,https://buildlocal.agency/m/_no-website.jpg,https://buildlocal.agency/m/mirage-landscaping-and-construction-llc-new.jpg,mirage-landscaping-and-construction-llc,az0273,https://buildlocal.agency/q/az0273
Rolling Rock Landscape,,,Peoria,AZ,,Rolling Rock Landscape,deserves a better,70,https://api.qrserver.com/v1/create-qr-code/?size=1000x1000&margin=0&qzone=1&ecc=M&data=https%3A%2F%2Fbuildlocal.agency%2Fq%2Faz0274,https://buildlocal.agency/m/_no-website.jpg,https://buildlocal.agency/m/rolling-rock-landscape-new.jpg,rolling-rock-landscape,az0274,https://buildlocal.agency/q/az0274
G.O.A.L Landscaping-Peoria,,,Peoria,AZ,,G.O.A.L Landscaping-Peoria,deserves a better,59,https://api.qrserver.com/v1/create-qr-code/?size=1000x1000&margin=0&qzone=1&ecc=M&data=https%3A%2F%2Fbuildlocal.agency%2Fq%2Faz0275,https://buildlocal.agency/m/_no-website.jpg,https://buildlocal.agency/m/g-o-a-l-landscaping-peoria-new.jpg,g-o-a-l-landscaping-peoria,az0275,https://buildlocal.agency/q/az0275
Paseo Hardscapes,,,Peoria,AZ,,Paseo Hardscapes,deserves a better,78,https://api.qrserver.com/v1/create-qr-code/?size=1000x1000&margin=0&qzone=1&ecc=M&data=https%3A%2F%2Fbuildlocal.agency%2Fq%2Faz0276,https://buildlocal.agency/m/_no-website.jpg,https://buildlocal.agency/m/paseo-hardscapes-new.jpg,paseo-hardscapes,az0276,https://buildlocal.agency/q/az0276
The Valley Eco-Landscaping,,,Peoria,AZ,,The Valley Eco-Landscaping,deserves a better,59,https://api.qrserver.com/v1/create-qr-code/?size=1000x1000&margin=0&qzone=1&ecc=M&data=https%3A%2F%2Fbuildlocal.agency%2Fq%2Faz0277,https://buildlocal.agency/m/_no-website.jpg,https://buildlocal.agency/m/the-valley-eco-landscaping-new.jpg,the-valley-eco-landscaping,az0277,https://buildlocal.agency/q/az0277
2 Brothers Landscape LLC,,,Peoria,AZ,,2 Brothers Landscape,deserves a better,77,https://api.qrserver.com/v1/create-qr-code/?size=1000x1000&margin=0&qzone=1&ecc=M&data=https%3A%2F%2Fbuildlocal.agency%2Fq%2Faz0278,https://buildlocal.agency/m/_no-website.jpg,https://buildlocal.agency/m/2-brothers-landscape-llc-new.jpg,2-brothers-landscape-llc,az0278,https://buildlocal.agency/q/az0278
Peoria Lawn Care,,,Peoria,AZ,,Peoria Lawn Care,deserves a better,78,https://api.qrserver.com/v1/create-qr-code/?size=1000x1000&margin=0&qzone=1&ecc=M&data=https%3A%2F%2Fbuildlocal.agency%2Fq%2Faz0279,https://buildlocal.agency/m/_no-website.jpg,https://buildlocal.agency/m/peoria-lawn-care-new.jpg,peoria-lawn-care,az0279,https://buildlocal.agency/q/az0279
Botanist of The Valley,,,Peoria,AZ,,Botanist of The Valley,deserves a better,70,https://api.qrserver.com/v1/create-qr-code/?size=1000x1000&margin=0&qzone=1&ecc=M&data=https%3A%2F%2Fbuildlocal.agency%2Fq%2Faz0280,https://buildlocal.agency/m/_no-website.jpg,https://buildlocal.agency/m/botanist-of-the-valley-new.jpg,botanist-of-the-valley,az0280,https://buildlocal.agency/q/az0280
Pro Natural Landscape LLC,,,El Mirage,AZ,,Pro Natural Landscape,deserves a better,73,https://api.qrserver.com/v1/create-qr-code/?size=1000x1000&margin=0&qzone=1&ecc=M&data=https%3A%2F%2Fbuildlocal.agency%2Fq%2Faz0281,https://buildlocal.agency/m/_no-website.jpg,https://buildlocal.agency/m/pro-natural-landscape-llc-new.jpg,pro-natural-landscape-llc,az0281,https://buildlocal.agency/q/az0281
DeBernard Landscaping,,,Peoria,AZ,,DeBernard Landscaping,deserves a better,73,https://api.qrserver.com/v1/create-qr-code/?size=1000x1000&margin=0&qzone=1&ecc=M&data=https%3A%2F%2Fbuildlocal.agency%2Fq%2Faz0282,https://buildlocal.agency/m/_no-website.jpg,https://buildlocal.agency/m/debernard-landscaping-new.jpg,debernard-landscaping,az0282,https://buildlocal.agency/q/az0282
First Option Landscaping,,,Peoria,AZ,,First Option Landscaping,deserves a better,64,https://api.qrserver.com/v1/create-qr-code/?size=1000x1000&margin=0&qzone=1&ecc=M&data=https%3A%2F%2Fbuildlocal.agency%2Fq%2Faz0283,https://buildlocal.agency/m/_no-website.jpg,https://buildlocal.agency/m/first-option-landscaping-new.jpg,first-option-landscaping,az0283,https://buildlocal.agency/q/az0283
"The Landscape Guy, LLC",,,Peoria,AZ,,The Landscape Guy,deserves a better,78,https://api.qrserver.com/v1/create-qr-code/?size=1000x1000&margin=0&qzone=1&ecc=M&data=https%3A%2F%2Fbuildlocal.agency%2Fq%2Faz0284,https://buildlocal.agency/m/_no-website.jpg,https://buildlocal.agency/m/the-landscape-guy-llc-new.jpg,the-landscape-guy-llc,az0284,https://buildlocal.agency/q/az0284
Loma Linda Landscape,,,Peoria,AZ,,Loma Linda Landscape,deserves a,77,https://api.qrserver.com/v1/create-qr-code/?size=1000x1000&margin=0&qzone=1&ecc=M&data=https%3A%2F%2Fbuildlocal.agency%2Fq%2Faz0285,https://buildlocal.agency/m/_no-website.jpg,https://buildlocal.agency/m/loma-linda-landscape-new.jpg,loma-linda-landscape,az0285,https://buildlocal.agency/q/az0285
AE Outdoor Living,,,Peoria,AZ,,AE Outdoor Living,deserves a better,78,https://api.qrserver.com/v1/create-qr-code/?size=1000x1000&margin=0&qzone=1&ecc=M&data=https%3A%2F%2Fbuildlocal.agency%2Fq%2Faz0286,https://buildlocal.agency/m/_no-website.jpg,https://buildlocal.agency/m/ae-outdoor-living-new.jpg,ae-outdoor-living,az0286,https://buildlocal.agency/q/az0286
Quality Care Landscape Management,,,Peoria,AZ,,Quality Care Landscape,deserves a better,70,https://api.qrserver.com/v1/create-qr-code/?size=1000x1000&margin=0&qzone=1&ecc=M&data=https%3A%2F%2Fbuildlocal.agency%2Fq%2Faz0287,https://buildlocal.agency/m/_no-website.jpg,https://buildlocal.agency/m/quality-care-landscape-management-new.jpg,quality-care-landscape-management,az0287,https://buildlocal.agency/q/az0287
Lee's Trees and Irrigation,,,Peoria,AZ,,Lee's Trees and Irrigation,deserves a better,59,https://api.qrserver.com/v1/create-qr-code/?size=1000x1000&margin=0&qzone=1&ecc=M&data=https%3A%2F%2Fbuildlocal.agency%2Fq%2Faz0288,https://buildlocal.agency/m/_no-website.jpg,https://buildlocal.agency/m/lee-s-trees-and-irrigation-new.jpg,lee-s-trees-and-irrigation,az0288,https://buildlocal.agency/q/az0288
Balderas Brothers Landscaping and Lawn Care LLC,,,Peoria,AZ,,Balderas Brothers Landscaping,deserves a better,53,https://api.qrserver.com/v1/create-qr-code/?size=1000x1000&margin=0&qzone=1&ecc=M&data=https%3A%2F%2Fbuildlocal.agency%2Fq%2Faz0289,https://buildlocal.agency/m/_no-website.jpg,https://buildlocal.agency/m/balderas-brothers-landscaping-and-lawn-care-llc-new.jpg,balderas-brothers-landscaping-and-lawn-care-llc,az0289,https://buildlocal.agency/q/az0289
The Surprise Guys,,,Peoria,AZ,,The Surprise Guys,deserves a better,78,https://api.qrserver.com/v1/create-qr-code/?size=1000x1000&margin=0&qzone=1&ecc=M&data=https%3A%2F%2Fbuildlocal.agency%2Fq%2Faz0290,https://buildlocal.agency/m/_no-website.jpg,https://buildlocal.agency/m/the-surprise-guys-new.jpg,the-surprise-guys,az0290,https://buildlocal.agency/q/az0290
Friendly Neighborhood Turf Guys,,,Peoria,AZ,,Friendly Neighborhood Turf Guys,deserves a better,50,https://api.qrserver.com/v1/create-qr-code/?size=1000x1000&margin=0&qzone=1&ecc=M&data=https%3A%2F%2Fbuildlocal.agency%2Fq%2Faz0291,https://buildlocal.agency/m/_no-website.jpg,https://buildlocal.agency/m/friendly-neighborhood-turf-guys-new.jpg,friendly-neighborhood-turf-guys,az0291,https://buildlocal.agency/q/az0291
Skyefall Land Care,,,Peoria,AZ,,Skyefall Land Care,deserves a better,78,https://api.qrserver.com/v1/create-qr-code/?size=1000x1000&margin=0&qzone=1&ecc=M&data=https%3A%2F%2Fbuildlocal.agency%2Fq%2Faz0292,https://buildlocal.agency/m/_no-website.jpg,https://buildlocal.agency/m/skyefall-land-care-new.jpg,skyefall-land-care,az0292,https://buildlocal.agency/q/az0292
"Lopez Landscaping, Inc.",,,Wittmann,AZ,,Lopez Landscaping,deserves a better,78,https://api.qrserver.com/v1/create-qr-code/?size=1000x1000&margin=0&qzone=1&ecc=M&data=https%3A%2F%2Fbuildlocal.agency%2Fq%2Faz0293,https://buildlocal.agency/m/_no-website.jpg,https://buildlocal.agency/m/lopez-landscaping-inc-new.jpg,lopez-landscaping-inc,az0293,https://buildlocal.agency/q/az0293
X-treme Landscape LLC,,,Wittmann,AZ,,X-treme Landscape,deserves a better,78,https://api.qrserver.com/v1/create-qr-code/?size=1000x1000&margin=0&qzone=1&ecc=M&data=https%3A%2F%2Fbuildlocal.agency%2Fq%2Faz0294,https://buildlocal.agency/m/_no-website.jpg,https://buildlocal.agency/m/x-treme-landscape-llc-new.jpg,x-treme-landscape-llc,az0294,https://buildlocal.agency/q/az0294
Valley ProScapes,,,Peoria,AZ,,Valley ProScapes,deserves a better,78,https://api.qrserver.com/v1/create-qr-code/?size=1000x1000&margin=0&qzone=1&ecc=M&data=https%3A%2F%2Fbuildlocal.agency%2Fq%2Faz0295,https://buildlocal.agency/m/_no-website.jpg,https://buildlocal.agency/m/valley-proscapes-new.jpg,valley-proscapes,az0295,https://buildlocal.agency/q/az0295
First Option Landscape,,,Surprise,AZ,,First Option Landscape,deserves a better,70,https://api.qrserver.com/v1/create-qr-code/?size=1000x1000&margin=0&qzone=1&ecc=M&data=https%3A%2F%2Fbuildlocal.agency%2Fq%2Faz0296,https://buildlocal.agency/m/_no-website.jpg,https://buildlocal.agency/m/first-option-landscape-new.jpg,first-option-landscape,az0296,https://buildlocal.agency/q/az0296
Sahuaros Landscape & Hardscape,,,Youngtown,AZ,,Sahuaros Landscape,deserves a better,78,https://api.qrserver.com/v1/create-qr-code/?size=1000x1000&margin=0&qzone=1&ecc=M&data=https%3A%2F%2Fbuildlocal.agency%2Fq%2Faz0297,https://buildlocal.agency/m/_no-website.jpg,https://buildlocal.agency/m/sahuaros-landscape-and-hardscape-new.jpg,sahuaros-landscape-and-hardscape,az0297,https://buildlocal.agency/q/az0297
Alamo Mountain Landscaping LLC,,,Peoria,AZ,,Alamo Mountain Landscaping,deserves a better,59,https://api.qrserver.com/v1/create-qr-code/?size=1000x1000&margin=0&qzone=1&ecc=M&data=https%3A%2F%2Fbuildlocal.agency%2Fq%2Faz0298,https://buildlocal.agency/m/_no-website.jpg,https://buildlocal.agency/m/alamo-mountain-landscaping-llc-new.jpg,alamo-mountain-landscaping-llc,az0298,https://buildlocal.agency/q/az0298
Pioneer Landscape Centers,,,Peoria,AZ,,Pioneer Landscape Centers,deserves a better,62,https://api.qrserver.com/v1/create-qr-code/?size=1000x1000&margin=0&qzone=1&ecc=M&data=https%3A%2F%2Fbuildlocal.agency%2Fq%2Faz0299,https://buildlocal.agency/m/_no-website.jpg,https://buildlocal.agency/m/pioneer-landscape-centers-peoria-new.jpg,pioneer-landscape-centers-peoria,az0299,https://buildlocal.agency/q/az0299
Diamond G Landscaping LLC,,,El Mirage,AZ,,Diamond G Landscaping,deserves a better,73,https://api.qrserver.com/v1/create-qr-code/?size=1000x1000&margin=0&qzone=1&ecc=M&data=https%3A%2F%2Fbuildlocal.agency%2Fq%2Faz0300,https://buildlocal.agency/m/_no-website.jpg,https://buildlocal.agency/m/diamond-g-landscaping-llc-new.jpg,diamond-g-landscaping-llc,az0300,https://buildlocal.agency/q/az0300
Mirage Landscaping & Design LLC,,,Peoria,AZ,,Mirage Landscaping & Design,deserves a,57,https://api.qrserver.com/v1/create-qr-code/?size=1000x1000&margin=0&qzone=1&ecc=M&data=https%3A%2F%2Fbuildlocal.agency%2Fq%2Faz0301,https://buildlocal.agency/m/_no-website.jpg,https://buildlocal.agency/m/mirage-landscaping-and-design-llc-new.jpg,mirage-landscaping-and-design-llc,az0301,https://buildlocal.agency/q/az0301
Cisco's Landscaping & Hardscape,,,Phoenix,AZ,,Cisco's Landscaping,deserves a better,78,https://api.qrserver.com/v1/create-qr-code/?size=1000x1000&margin=0&qzone=1&ecc=M&data=https%3A%2F%2Fbuildlocal.agency%2Fq%2Faz0302,https://buildlocal.agency/m/_no-website.jpg,https://buildlocal.agency/m/cisco-s-landscaping-and-hardscape-new.jpg,cisco-s-landscaping-and-hardscape,az0302,https://buildlocal.agency/q/az0302
Artificial Grass Masters,,,Peoria,AZ,,Artificial Grass Masters,deserves a better,64,https://api.qrserver.com/v1/create-qr-code/?size=1000x1000&margin=0&qzone=1&ecc=M&data=https%3A%2F%2Fbuildlocal.agency%2Fq%2Faz0303,https://buildlocal.agency/m/_no-website.jpg,https://buildlocal.agency/m/artificial-grass-masters-new.jpg,artificial-grass-masters,az0303,https://buildlocal.agency/q/az0303
Southwest Landscape Materials,,,El Mirage,AZ,,Southwest Landscape Materials,deserves a,53,https://api.qrserver.com/v1/create-qr-code/?size=1000x1000&margin=0&qzone=1&ecc=M&data=https%3A%2F%2Fbuildlocal.agency%2Fq%2Faz0304,https://buildlocal.agency/m/_no-website.jpg,https://buildlocal.agency/m/southwest-landscape-materials-new.jpg,southwest-landscape-materials,az0304,https://buildlocal.agency/q/az0304
Munoz JR Landscaping LLC,,,Peoria,AZ,,Munoz JR Landscaping,deserves a better,77,https://api.qrserver.com/v1/create-qr-code/?size=1000x1000&margin=0&qzone=1&ecc=M&data=https%3A%2F%2Fbuildlocal.agency%2Fq%2Faz0305,https://buildlocal.agency/m/_no-website.jpg,https://buildlocal.agency/m/munoz-jr-landscaping-llc-new.jpg,munoz-jr-landscaping-llc,az0305,https://buildlocal.agency/q/az0305
Surprise AZ Landscaping,,,Surprise,AZ,,Surprise AZ Landscaping,deserves a better,67,https://api.qrserver.com/v1/create-qr-code/?size=1000x1000&margin=0&qzone=1&ecc=M&data=https%3A%2F%2Fbuildlocal.agency%2Fq%2Faz0306,https://buildlocal.agency/m/_no-website.jpg,https://buildlocal.agency/m/surprise-az-landscaping-new.jpg,surprise-az-landscaping,az0306,https://buildlocal.agency/q/az0306
Arizona Rainfall,,,Surprise,AZ,,Arizona Rainfall,deserves a better,78,https://api.qrserver.com/v1/create-qr-code/?size=1000x1000&margin=0&qzone=1&ecc=M&data=https%3A%2F%2Fbuildlocal.agency%2Fq%2Faz0307,https://buildlocal.agency/m/_no-website.jpg,https://buildlocal.agency/m/arizona-rainfall-new.jpg,arizona-rainfall,az0307,https://buildlocal.agency/q/az0307
Paradise Pavers and Landscaping,,,Surprise,AZ,,Paradise Pavers & Landscaping,deserves a better,53,https://api.qrserver.com/v1/create-qr-code/?size=1000x1000&margin=0&qzone=1&ecc=M&data=https%3A%2F%2Fbuildlocal.agency%2Fq%2Faz0308,https://buildlocal.agency/m/_no-website.jpg,https://buildlocal.agency/m/paradise-pavers-and-landscaping-new.jpg,paradise-pavers-and-landscaping,az0308,https://buildlocal.agency/q/az0308
New Image Design Landscaping LLC,,,Surprise,AZ,,New Image Design Landscaping,deserves a better,55,https://api.qrserver.com/v1/create-qr-code/?size=1000x1000&margin=0&qzone=1&ecc=M&data=https%3A%2F%2Fbuildlocal.agency%2Fq%2Faz0309,https://buildlocal.agency/m/_no-website.jpg,https://buildlocal.agency/m/new-image-design-landscaping-llc-new.jpg,new-image-design-landscaping-llc,az0309,https://buildlocal.agency/q/az0309
Kevens Landscape,,,El Mirage,AZ,,Kevens Landscape,deserves a better,78,https://api.qrserver.com/v1/create-qr-code/?size=1000x1000&margin=0&qzone=1&ecc=M&data=https%3A%2F%2Fbuildlocal.agency%2Fq%2Faz0310,https://buildlocal.agency/m/_no-website.jpg,https://buildlocal.agency/m/kevens-landscape-new.jpg,kevens-landscape,az0310,https://buildlocal.agency/q/az0310
AZ Tree & Hardscape Co,,,Waddell,AZ,,AZ Tree & Hardscape,deserves a better,78,https://api.qrserver.com/v1/create-qr-code/?size=1000x1000&margin=0&qzone=1&ecc=M&data=https%3A%2F%2Fbuildlocal.agency%2Fq%2Faz0311,https://buildlocal.agency/m/_no-website.jpg,https://buildlocal.agency/m/az-tree-and-hardscape-co-new.jpg,az-tree-and-hardscape-co,az0311,https://buildlocal.agency/q/az0311
Aispuros Landscape & tree service,,,El Mirage,AZ,,Aispuros Landscape,deserves a,78,https://api.qrserver.com/v1/create-qr-code/?size=1000x1000&margin=0&qzone=1&ecc=M&data=https%3A%2F%2Fbuildlocal.agency%2Fq%2Faz0312,https://buildlocal.agency/m/_no-website.jpg,https://buildlocal.agency/m/aispuros-landscape-and-tree-service-new.jpg,aispuros-landscape-and-tree-service,az0312,https://buildlocal.agency/q/az0312
"Mild 2 Wild Landscapes, LLC.",,,Surprise,AZ,,Mild 2 Wild Landscapes,deserves a better,70,https://api.qrserver.com/v1/create-qr-code/?size=1000x1000&margin=0&qzone=1&ecc=M&data=https%3A%2F%2Fbuildlocal.agency%2Fq%2Faz0313,https://buildlocal.agency/m/_no-website.jpg,https://buildlocal.agency/m/mild-2-wild-landscapes-llc-new.jpg,mild-2-wild-landscapes-llc,az0313,https://buildlocal.agency/q/az0313
Phoenix Outdoor Living,,,Surprise,AZ,,Phoenix Outdoor Living,deserves a better,70,https://api.qrserver.com/v1/create-qr-code/?size=1000x1000&margin=0&qzone=1&ecc=M&data=https%3A%2F%2Fbuildlocal.agency%2Fq%2Faz0314,https://buildlocal.agency/m/_no-website.jpg,https://buildlocal.agency/m/phoenix-outdoor-living-new.jpg,phoenix-outdoor-living,az0314,https://buildlocal.agency/q/az0314
"Citiscapes, LLC",,,Surprise,AZ,,Citiscapes,deserves a better,78,https://api.qrserver.com/v1/create-qr-code/?size=1000x1000&margin=0&qzone=1&ecc=M&data=https%3A%2F%2Fbuildlocal.agency%2Fq%2Faz0315,https://buildlocal.agency/m/_no-website.jpg,https://buildlocal.agency/m/citiscapes-llc-new.jpg,citiscapes-llc,az0315,https://buildlocal.agency/q/az0315
Vicente's Irrigation and Landscaping,,,Surprise,AZ,,Vicente's Irrigation,deserves a better,77,https://api.qrserver.com/v1/create-qr-code/?size=1000x1000&margin=0&qzone=1&ecc=M&data=https%3A%2F%2Fbuildlocal.agency%2Fq%2Faz0316,https://buildlocal.agency/m/_no-website.jpg,https://buildlocal.agency/m/vicente-s-irrigation-and-landscaping-new.jpg,vicente-s-irrigation-and-landscaping,az0316,https://buildlocal.agency/q/az0316
On Point Landscaping llc,,,Surprise,AZ,,On Point Landscaping,deserves a,77,https://api.qrserver.com/v1/create-qr-code/?size=1000x1000&margin=0&qzone=1&ecc=M&data=https%3A%2F%2Fbuildlocal.agency%2Fq%2Faz0317,https://buildlocal.agency/m/_no-website.jpg,https://buildlocal.agency/m/on-point-landscaping-llc-new.jpg,on-point-landscaping-llc,az0317,https://buildlocal.agency/q/az0317
Adolfo's Landscaping & Irrigation,,,Surprise,AZ,,Adolfo's Landscaping & Irrigation,deserves a better,46,https://api.qrserver.com/v1/create-qr-code/?size=1000x1000&margin=0&qzone=1&ecc=M&data=https%3A%2F%2Fbuildlocal.agency%2Fq%2Faz0318,https://buildlocal.agency/m/_no-website.jpg,https://buildlocal.agency/m/adolfo-s-landscaping-and-irrigation-new.jpg,adolfo-s-landscaping-and-irrigation,az0318,https://buildlocal.agency/q/az0318
S&D landscaping y hardscape,,,Surprise,AZ,,S&D landscaping y hardscape,deserves a,57,https://api.qrserver.com/v1/create-qr-code/?size=1000x1000&margin=0&qzone=1&ecc=M&data=https%3A%2F%2Fbuildlocal.agency%2Fq%2Faz0319,https://buildlocal.agency/m/_no-website.jpg,https://buildlocal.agency/m/sandd-landscaping-y-hardscape-new.jpg,sandd-landscaping-y-hardscape,az0319,https://buildlocal.agency/q/az0319
Wildflower Desert Design,,,Surprise,AZ,,Wildflower Desert Design,deserves a better,64,https://api.qrserver.com/v1/create-qr-code/?size=1000x1000&margin=0&qzone=1&ecc=M&data=https%3A%2F%2Fbuildlocal.agency%2Fq%2Faz0320,https://buildlocal.agency/m/_no-website.jpg,https://buildlocal.agency/m/wildflower-desert-design-new.jpg,wildflower-desert-design,az0320,https://buildlocal.agency/q/az0320
Moon Valley Nurseries,,,Surprise,AZ,,Moon Valley Nurseries,deserves a better,73,https://api.qrserver.com/v1/create-qr-code/?size=1000x1000&margin=0&qzone=1&ecc=M&data=https%3A%2F%2Fbuildlocal.agency%2Fq%2Faz0321,https://buildlocal.agency/m/_no-website.jpg,https://buildlocal.agency/m/moon-valley-nurseries-new.jpg,moon-valley-nurseries,az0321,https://buildlocal.agency/q/az0321
LLR Constructions LLC,,,Surprise,AZ,,LLR Constructions,deserves a,78,https://api.qrserver.com/v1/create-qr-code/?size=1000x1000&margin=0&qzone=1&ecc=M&data=https%3A%2F%2Fbuildlocal.agency%2Fq%2Faz0322,https://buildlocal.agency/m/_no-website.jpg,https://buildlocal.agency/m/llr-constructions-llc-new.jpg,llr-constructions-llc,az0322,https://buildlocal.agency/q/az0322
Haro Landscaping,,,Surprise,AZ,,Haro Landscaping,deserves a better,78,https://api.qrserver.com/v1/create-qr-code/?size=1000x1000&margin=0&qzone=1&ecc=M&data=https%3A%2F%2Fbuildlocal.agency%2Fq%2Faz0323,https://buildlocal.agency/m/_no-website.jpg,https://buildlocal.agency/m/haro-landscaping-new.jpg,haro-landscaping,az0323,https://buildlocal.agency/q/az0323
New Home Help Landscaping,,,Surprise,AZ,,New Home Help Landscaping,deserves a,62,https://api.qrserver.com/v1/create-qr-code/?size=1000x1000&margin=0&qzone=1&ecc=M&data=https%3A%2F%2Fbuildlocal.agency%2Fq%2Faz0324,https://buildlocal.agency/m/_no-website.jpg,https://buildlocal.agency/m/new-home-help-landscaping-new.jpg,new-home-help-landscaping,az0324,https://buildlocal.agency/q/az0324
JAM’s landscape and design LLC.,,,Surprise,AZ,,JAM’s landscape and design,deserves a,59,https://api.qrserver.com/v1/create-qr-code/?size=1000x1000&margin=0&qzone=1&ecc=M&data=https%3A%2F%2Fbuildlocal.agency%2Fq%2Faz0325,https://buildlocal.agency/m/_no-website.jpg,https://buildlocal.agency/m/jam-s-landscape-and-design-llc-new.jpg,jam-s-landscape-and-design-llc,az0325,https://buildlocal.agency/q/az0325
DD Landscaping Surprise AZ,,,Surprise,AZ,,DD Landscaping Surprise,deserves a,67,https://api.qrserver.com/v1/create-qr-code/?size=1000x1000&margin=0&qzone=1&ecc=M&data=https%3A%2F%2Fbuildlocal.agency%2Fq%2Faz0326,https://buildlocal.agency/m/_no-website.jpg,https://buildlocal.agency/m/dd-landscaping-surprise-az-new.jpg,dd-landscaping-surprise-az,az0326,https://buildlocal.agency/q/az0326
Great Escape Landscape,,,Surprise,AZ,,Great Escape Landscape,deserves a better,70,https://api.qrserver.com/v1/create-qr-code/?size=1000x1000&margin=0&qzone=1&ecc=M&data=https%3A%2F%2Fbuildlocal.agency%2Fq%2Faz0327,https://buildlocal.agency/m/_no-website.jpg,https://buildlocal.agency/m/great-escape-landscape-new.jpg,great-escape-landscape,az0327,https://buildlocal.agency/q/az0327
"CWC Landscaping, LLC",,,Surprise,AZ,,CWC Landscaping,deserves a better,78,https://api.qrserver.com/v1/create-qr-code/?size=1000x1000&margin=0&qzone=1&ecc=M&data=https%3A%2F%2Fbuildlocal.agency%2Fq%2Faz0328,https://buildlocal.agency/m/_no-website.jpg,https://buildlocal.agency/m/cwc-landscaping-llc-new.jpg,cwc-landscaping-llc,az0328,https://buildlocal.agency/q/az0328
KnockItOutLawncare,,,Surprise,AZ,,KnockItOutLawncare,deserves a better,78,https://api.qrserver.com/v1/create-qr-code/?size=1000x1000&margin=0&qzone=1&ecc=M&data=https%3A%2F%2Fbuildlocal.agency%2Fq%2Faz0329,https://buildlocal.agency/m/_no-website.jpg,https://buildlocal.agency/m/knockitoutlawncare-new.jpg,knockitoutlawncare,az0329,https://buildlocal.agency/q/az0329
Proper Care Landscaping,,,Surprise,AZ,,Proper Care Landscaping,deserves a better,67,https://api.qrserver.com/v1/create-qr-code/?size=1000x1000&margin=0&qzone=1&ecc=M&data=https%3A%2F%2Fbuildlocal.agency%2Fq%2Faz0330,https://buildlocal.agency/m/_no-website.jpg,https://buildlocal.agency/m/proper-care-landscaping-new.jpg,proper-care-landscaping,az0330,https://buildlocal.agency/q/az0330
Pioneer Landscape Centers,,,Surprise,AZ,,Pioneer Landscape Centers,deserves a better,62,https://api.qrserver.com/v1/create-qr-code/?size=1000x1000&margin=0&qzone=1&ecc=M&data=https%3A%2F%2Fbuildlocal.agency%2Fq%2Faz0331,https://buildlocal.agency/m/_no-website.jpg,https://buildlocal.agency/m/pioneer-landscape-centers-surprise-new.jpg,pioneer-landscape-centers-surprise,az0331,https://buildlocal.agency/q/az0331
Surprise Artificial Grass Co.,,,Surprise,AZ,,Surprise Artificial Grass,deserves a better,62,https://api.qrserver.com/v1/create-qr-code/?size=1000x1000&margin=0&qzone=1&ecc=M&data=https%3A%2F%2Fbuildlocal.agency%2Fq%2Faz0332,https://buildlocal.agency/m/_no-website.jpg,https://buildlocal.agency/m/surprise-artificial-grass-co-new.jpg,surprise-artificial-grass-co,az0332,https://buildlocal.agency/q/az0332
SiteOne Landscape Supply,,,Surprise,AZ,,SiteOne Landscape Supply,deserves a better,64,https://api.qrserver.com/v1/create-qr-code/?size=1000x1000&margin=0&qzone=1&ecc=M&data=https%3A%2F%2Fbuildlocal.agency%2Fq%2Faz0333,https://buildlocal.agency/m/_no-website.jpg,https://buildlocal.agency/m/siteone-landscape-supply-surprise-new.jpg,siteone-landscape-supply-surprise,az0333,https://buildlocal.agency/q/az0333
A Silver Leaf Landscaping,,,Surprise,AZ,,A Silver Leaf Landscaping,deserves a better,62,https://api.qrserver.com/v1/create-qr-code/?size=1000x1000&margin=0&qzone=1&ecc=M&data=https%3A%2F%2Fbuildlocal.agency%2Fq%2Faz0334,https://buildlocal.agency/m/_no-website.jpg,https://buildlocal.agency/m/a-silver-leaf-landscaping-new.jpg,a-silver-leaf-landscaping,az0334,https://buildlocal.agency/q/az0334
Desert Pointe Landscape,,,Surprise,AZ,,Desert Pointe Landscape,deserves a better,67,https://api.qrserver.com/v1/create-qr-code/?size=1000x1000&margin=0&qzone=1&ecc=M&data=https%3A%2F%2Fbuildlocal.agency%2Fq%2Faz0335,https://buildlocal.agency/m/_no-website.jpg,https://buildlocal.agency/m/desert-pointe-landscape-new.jpg,desert-pointe-landscape,az0335,https://buildlocal.agency/q/az0335
Salazar Landscaping And Gardening LLC,,,Surprise,AZ,,Salazar Landscaping,deserves a,78,https://api.qrserver.com/v1/create-qr-code/?size=1000x1000&margin=0&qzone=1&ecc=M&data=https%3A%2F%2Fbuildlocal.agency%2Fq%2Faz0336,https://buildlocal.agency/m/_no-website.jpg,https://buildlocal.agency/m/salazar-landscaping-and-gardening-llc-new.jpg,salazar-landscaping-and-gardening-llc,az0336,https://buildlocal.agency/q/az0336
Ewing Outdoor Supply,,,Surprise,AZ,,Ewing Outdoor Supply,deserves a better,77,https://api.qrserver.com/v1/create-qr-code/?size=1000x1000&margin=0&qzone=1&ecc=M&data=https%3A%2F%2Fbuildlocal.agency%2Fq%2Faz0337,https://buildlocal.agency/m/_no-website.jpg,https://buildlocal.agency/m/ewing-outdoor-supply-surprise-new.jpg,ewing-outdoor-supply-surprise,az0337,https://buildlocal.agency/q/az0337
California Pools & Landscape - Surprise,,,Surprise,AZ,,California Pools & Landscape,deserves a better,55,https://api.qrserver.com/v1/create-qr-code/?size=1000x1000&margin=0&qzone=1&ecc=M&data=https%3A%2F%2Fbuildlocal.agency%2Fq%2Faz0338,https://buildlocal.agency/m/_no-website.jpg,https://buildlocal.agency/m/california-pools-and-landscape-surprise-new.jpg,california-pools-and-landscape-surprise,az0338,https://buildlocal.agency/q/az0338
Sonora Sprinkler Inc.,,,Surprise,AZ,,Sonora Sprinkler,deserves a better,78,https://api.qrserver.com/v1/create-qr-code/?size=1000x1000&margin=0&qzone=1&ecc=M&data=https%3A%2F%2Fbuildlocal.agency%2Fq%2Faz0339,https://buildlocal.agency/m/_no-website.jpg,https://buildlocal.agency/m/sonora-sprinkler-inc-new.jpg,sonora-sprinkler-inc,az0339,https://buildlocal.agency/q/az0339
CareScape,,,Surprise,AZ,,CareScape,deserves a better,78,https://api.qrserver.com/v1/create-qr-code/?size=1000x1000&margin=0&qzone=1&ecc=M&data=https%3A%2F%2Fbuildlocal.agency%2Fq%2Faz0340,https://buildlocal.agency/m/_no-website.jpg,https://buildlocal.agency/m/carescape-new.jpg,carescape,az0340,https://buildlocal.agency/q/az0340
Landscaper - Allscapes Installation Services Inc.,,,Surprise,AZ,,Landscaper,deserves a better,78,https://api.qrserver.com/v1/create-qr-code/?size=1000x1000&margin=0&qzone=1&ecc=M&data=https%3A%2F%2Fbuildlocal.agency%2Fq%2Faz0341,https://buildlocal.agency/m/_no-website.jpg,https://buildlocal.agency/m/landscaper-allscapes-installation-services-inc-new.jpg,landscaper-allscapes-installation-services-inc,az0341,https://buildlocal.agency/q/az0341
Ya Benitez Landscaping & Hardscape,,,Goodyear,AZ,,Ya Benitez Landscaping,deserves a better,70,https://api.qrserver.com/v1/create-qr-code/?size=1000x1000&margin=0&qzone=1&ecc=M&data=https%3A%2F%2Fbuildlocal.agency%2Fq%2Faz0342,https://buildlocal.agency/m/_no-website.jpg,https://buildlocal.agency/m/ya-benitez-landscaping-and-hardscape-new.jpg,ya-benitez-landscaping-and-hardscape,az0342,https://buildlocal.agency/q/az0342
Vivid Outdoors,,,Goodyear,AZ,,Vivid Outdoors,deserves a better,78,https://api.qrserver.com/v1/create-qr-code/?size=1000x1000&margin=0&qzone=1&ecc=M&data=https%3A%2F%2Fbuildlocal.agency%2Fq%2Faz0343,https://buildlocal.agency/m/_no-website.jpg,https://buildlocal.agency/m/vivid-outdoors-new.jpg,vivid-outdoors,az0343,https://buildlocal.agency/q/az0343
Urban Landscape Solutions LLC.,,,Avondale,AZ,,Urban Landscape Solutions,deserves a,62,https://api.qrserver.com/v1/create-qr-code/?size=1000x1000&margin=0&qzone=1&ecc=M&data=https%3A%2F%2Fbuildlocal.agency%2Fq%2Faz0344,https://buildlocal.agency/m/_no-website.jpg,https://buildlocal.agency/m/urban-landscape-solutions-llc-new.jpg,urban-landscape-solutions-llc,az0344,https://buildlocal.agency/q/az0344
L Paradise Landscaping Services,,,Goodyear,AZ,,L Paradise Landscaping,deserves a better,70,https://api.qrserver.com/v1/create-qr-code/?size=1000x1000&margin=0&qzone=1&ecc=M&data=https%3A%2F%2Fbuildlocal.agency%2Fq%2Faz0345,https://buildlocal.agency/m/_no-website.jpg,https://buildlocal.agency/m/l-paradise-landscaping-services-new.jpg,l-paradise-landscaping-services,az0345,https://buildlocal.agency/q/az0345
Prickly Thumb Landscaping LLC,,,Goodyear,AZ,,Prickly Thumb Landscaping,deserves a better,62,https://api.qrserver.com/v1/create-qr-code/?size=1000x1000&margin=0&qzone=1&ecc=M&data=https%3A%2F%2Fbuildlocal.agency%2Fq%2Faz0346,https://buildlocal.agency/m/_no-website.jpg,https://buildlocal.agency/m/prickly-thumb-landscaping-llc-new.jpg,prickly-thumb-landscaping-llc,az0346,https://buildlocal.agency/q/az0346
West Valley Desert Landscaping,,,Goodyear,AZ,,West Valley Desert Landscaping,deserves a better,51,https://api.qrserver.com/v1/create-qr-code/?size=1000x1000&margin=0&qzone=1&ecc=M&data=https%3A%2F%2Fbuildlocal.agency%2Fq%2Faz0347,https://buildlocal.agency/m/_no-website.jpg,https://buildlocal.agency/m/west-valley-desert-landscaping-new.jpg,west-valley-desert-landscaping,az0347,https://buildlocal.agency/q/az0347
landscaping roberto ruiz,,,Avondale,AZ,,landscaping roberto ruiz,deserves a,64,https://api.qrserver.com/v1/create-qr-code/?size=1000x1000&margin=0&qzone=1&ecc=M&data=https%3A%2F%2Fbuildlocal.agency%2Fq%2Faz0348,https://buildlocal.agency/m/_no-website.jpg,https://buildlocal.agency/m/landscaping-roberto-ruiz-new.jpg,landscaping-roberto-ruiz,az0348,https://buildlocal.agency/q/az0348
"Pure Landscape, Inc.",,,Goodyear,AZ,,Pure Landscape,deserves a better,78,https://api.qrserver.com/v1/create-qr-code/?size=1000x1000&margin=0&qzone=1&ecc=M&data=https%3A%2F%2Fbuildlocal.agency%2Fq%2Faz0349,https://buildlocal.agency/m/_no-website.jpg,https://buildlocal.agency/m/pure-landscape-inc-new.jpg,pure-landscape-inc,az0349,https://buildlocal.agency/q/az0349
Copper Ridge Landscaping LLC,,,Avondale,AZ,,Copper Ridge Landscaping,deserves a better,64,https://api.qrserver.com/v1/create-qr-code/?size=1000x1000&margin=0&qzone=1&ecc=M&data=https%3A%2F%2Fbuildlocal.agency%2Fq%2Faz0350,https://buildlocal.agency/m/_no-website.jpg,https://buildlocal.agency/m/copper-ridge-landscaping-llc-new.jpg,copper-ridge-landscaping-llc,az0350,https://buildlocal.agency/q/az0350
Frank and Son Landscaping,,,Buckeye,AZ,,Frank and Son Landscaping,deserves a better,62,https://api.qrserver.com/v1/create-qr-code/?size=1000x1000&margin=0&qzone=1&ecc=M&data=https%3A%2F%2Fbuildlocal.agency%2Fq%2Faz0351,https://buildlocal.agency/m/_no-website.jpg,https://buildlocal.agency/m/frank-and-son-landscaping-new.jpg,frank-and-son-landscaping,az0351,https://buildlocal.agency/q/az0351
Alex Landscaping Services,,,Buckeye,AZ,,Alex Landscaping Services,deserves a,62,https://api.qrserver.com/v1/create-qr-code/?size=1000x1000&margin=0&qzone=1&ecc=M&data=https%3A%2F%2Fbuildlocal.agency%2Fq%2Faz0352,https://buildlocal.agency/m/_no-website.jpg,https://buildlocal.agency/m/alex-landscaping-services-new.jpg,alex-landscaping-services,az0352,https://buildlocal.agency/q/az0352
Design Build AZ Landscape & Hardscape LLC,,,Goodyear,AZ,,Design Build AZ Landscape,deserves a better,62,https://api.qrserver.com/v1/create-qr-code/?size=1000x1000&margin=0&qzone=1&ecc=M&data=https%3A%2F%2Fbuildlocal.agency%2Fq%2Faz0353,https://buildlocal.agency/m/_no-website.jpg,https://buildlocal.agency/m/design-build-az-landscape-and-hardscape-llc-new.jpg,design-build-az-landscape-and-hardscape-llc,az0353,https://buildlocal.agency/q/az0353
Happy Clean Lawnscapes,,,Buckeye,AZ,,Happy Clean Lawnscapes,deserves a better,70,https://api.qrserver.com/v1/create-qr-code/?size=1000x1000&margin=0&qzone=1&ecc=M&data=https%3A%2F%2Fbuildlocal.agency%2Fq%2Faz0354,https://buildlocal.agency/m/_no-website.jpg,https://buildlocal.agency/m/happy-clean-lawnscapes-new.jpg,happy-clean-lawnscapes,az0354,https://buildlocal.agency/q/az0354
Ewing Outdoor Supply,,,Goodyear,AZ,,Ewing Outdoor Supply,deserves a better,77,https://api.qrserver.com/v1/create-qr-code/?size=1000x1000&margin=0&qzone=1&ecc=M&data=https%3A%2F%2Fbuildlocal.agency%2Fq%2Faz0355,https://buildlocal.agency/m/_no-website.jpg,https://buildlocal.agency/m/ewing-outdoor-supply-goodyear-new.jpg,ewing-outdoor-supply-goodyear,az0355,https://buildlocal.agency/q/az0355
Landscape Home Services LLC,,,Goodyear,AZ,,Landscape Home Services,deserves a better,67,https://api.qrserver.com/v1/create-qr-code/?size=1000x1000&margin=0&qzone=1&ecc=M&data=https%3A%2F%2Fbuildlocal.agency%2Fq%2Faz0356,https://buildlocal.agency/m/_no-website.jpg,https://buildlocal.agency/m/landscape-home-services-llc-new.jpg,landscape-home-services-llc,az0356,https://buildlocal.agency/q/az0356
White Tanks Landscaping LLC,,,Buckeye,AZ,,White Tanks Landscaping,deserves a better,67,https://api.qrserver.com/v1/create-qr-code/?size=1000x1000&margin=0&qzone=1&ecc=M&data=https%3A%2F%2Fbuildlocal.agency%2Fq%2Faz0357,https://buildlocal.agency/m/_no-website.jpg,https://buildlocal.agency/m/white-tanks-landscaping-llc-new.jpg,white-tanks-landscaping-llc,az0357,https://buildlocal.agency/q/az0357
Elite Outdoor Designs,,,Goodyear,AZ,,Elite Outdoor Designs,deserves a better,73,https://api.qrserver.com/v1/create-qr-code/?size=1000x1000&margin=0&qzone=1&ecc=M&data=https%3A%2F%2Fbuildlocal.agency%2Fq%2Faz0358,https://buildlocal.agency/m/_no-website.jpg,https://buildlocal.agency/m/elite-outdoor-designs-new.jpg,elite-outdoor-designs,az0358,https://buildlocal.agency/q/az0358
L & R Management Landscaping Company,,,Litchfield Park,AZ,,L & R Management Landscaping,deserves a better,55,https://api.qrserver.com/v1/create-qr-code/?size=1000x1000&margin=0&qzone=1&ecc=M&data=https%3A%2F%2Fbuildlocal.agency%2Fq%2Faz0359,https://buildlocal.agency/m/_no-website.jpg,https://buildlocal.agency/m/l-and-r-management-landscaping-company-new.jpg,l-and-r-management-landscaping-company,az0359,https://buildlocal.agency/q/az0359
Martinez Expert Tree & Landscape Services,,,Goodyear,AZ,,Martinez Expert Tree,deserves a better,77,https://api.qrserver.com/v1/create-qr-code/?size=1000x1000&margin=0&qzone=1&ecc=M&data=https%3A%2F%2Fbuildlocal.agency%2Fq%2Faz0360,https://buildlocal.agency/m/_no-website.jpg,https://buildlocal.agency/m/martinez-expert-tree-and-landscape-services-new.jpg,martinez-expert-tree-and-landscape-services,az0360,https://buildlocal.agency/q/az0360
Yahweh Tree and Landscape llc,,,Buckeye,AZ,,Yahweh Tree and Landscape,deserves a better,62,https://api.qrserver.com/v1/create-qr-code/?size=1000x1000&margin=0&qzone=1&ecc=M&data=https%3A%2F%2Fbuildlocal.agency%2Fq%2Faz0361,https://buildlocal.agency/m/_no-website.jpg,https://buildlocal.agency/m/yahweh-tree-and-landscape-llc-new.jpg,yahweh-tree-and-landscape-llc,az0361,https://buildlocal.agency/q/az0361
Tropical Landscaping Services,,,Goodyear,AZ,,Tropical Landscaping Services,deserves a better,53,https://api.qrserver.com/v1/create-qr-code/?size=1000x1000&margin=0&qzone=1&ecc=M&data=https%3A%2F%2Fbuildlocal.agency%2Fq%2Faz0362,https://buildlocal.agency/m/_no-website.jpg,https://buildlocal.agency/m/tropical-landscaping-services-new.jpg,tropical-landscaping-services,az0362,https://buildlocal.agency/q/az0362
"I.M. Landscaping, LLC",,,Buckeye,AZ,,I.M. Landscaping,deserves a better,78,https://api.qrserver.com/v1/create-qr-code/?size=1000x1000&margin=0&qzone=1&ecc=M&data=https%3A%2F%2Fbuildlocal.agency%2Fq%2Faz0363,https://buildlocal.agency/m/_no-website.jpg,https://buildlocal.agency/m/i-m-landscaping-llc-new.jpg,i-m-landscaping-llc,az0363,https://buildlocal.agency/q/az0363
Pool & Landscape AZ,,,Goodyear,AZ,,Pool & Landscape,deserves a better,78,https://api.qrserver.com/v1/create-qr-code/?size=1000x1000&margin=0&qzone=1&ecc=M&data=https%3A%2F%2Fbuildlocal.agency%2Fq%2Faz0364,https://buildlocal.agency/m/_no-website.jpg,https://buildlocal.agency/m/pool-and-landscape-az-goodyear-new.jpg,pool-and-landscape-az-goodyear,az0364,https://buildlocal.agency/q/az0364
TURFIT | LANDSCAPE SUPPLY,,,Goodyear,AZ,,TURFIT,deserves a better,78,https://api.qrserver.com/v1/create-qr-code/?size=1000x1000&margin=0&qzone=1&ecc=M&data=https%3A%2F%2Fbuildlocal.agency%2Fq%2Faz0365,https://buildlocal.agency/m/_no-website.jpg,https://buildlocal.agency/m/turfit-landscape-supply-new.jpg,turfit-landscape-supply,az0365,https://buildlocal.agency/q/az0365
Martinez Landscaping & More LLC,,,Tonopah,AZ,,Martinez Landscaping & More,deserves a better,57,https://api.qrserver.com/v1/create-qr-code/?size=1000x1000&margin=0&qzone=1&ecc=M&data=https%3A%2F%2Fbuildlocal.agency%2Fq%2Faz0366,https://buildlocal.agency/m/_no-website.jpg,https://buildlocal.agency/m/martinez-landscaping-and-more-llc-new.jpg,martinez-landscaping-and-more-llc,az0366,https://buildlocal.agency/q/az0366
Desert Legion Design & Landscaping,,,Avondale,AZ,,Desert Legion Design,deserves a better,77,https://api.qrserver.com/v1/create-qr-code/?size=1000x1000&margin=0&qzone=1&ecc=M&data=https%3A%2F%2Fbuildlocal.agency%2Fq%2Faz0367,https://buildlocal.agency/m/_no-website.jpg,https://buildlocal.agency/m/desert-legion-design-and-landscaping-new.jpg,desert-legion-design-and-landscaping,az0367,https://buildlocal.agency/q/az0367
Savanna Design and Landscaping,,,Goodyear,AZ,,Savanna Design,deserves a better,78,https://api.qrserver.com/v1/create-qr-code/?size=1000x1000&margin=0&qzone=1&ecc=M&data=https%3A%2F%2Fbuildlocal.agency%2Fq%2Faz0368,https://buildlocal.agency/m/_no-website.jpg,https://buildlocal.agency/m/savanna-design-and-landscaping-new.jpg,savanna-design-and-landscaping,az0368,https://buildlocal.agency/q/az0368
TKS Landscape Solutions,,,Goodyear,AZ,,TKS Landscape Solutions,deserves a better,67,https://api.qrserver.com/v1/create-qr-code/?size=1000x1000&margin=0&qzone=1&ecc=M&data=https%3A%2F%2Fbuildlocal.agency%2Fq%2Faz0369,https://buildlocal.agency/m/_no-website.jpg,https://buildlocal.agency/m/tks-landscape-solutions-new.jpg,tks-landscape-solutions,az0369,https://buildlocal.agency/q/az0369
A-1 Materials,,,Tolleson,AZ,,A-1 Materials,deserves a better,78,https://api.qrserver.com/v1/create-qr-code/?size=1000x1000&margin=0&qzone=1&ecc=M&data=https%3A%2F%2Fbuildlocal.agency%2Fq%2Faz0370,https://buildlocal.agency/m/_no-website.jpg,https://buildlocal.agency/m/a-1-materials-new.jpg,a-1-materials,az0370,https://buildlocal.agency/q/az0370
Desert Horizon Landscaping Llc,,,Goodyear,AZ,,Desert Horizon Landscaping,deserves a better,59,https://api.qrserver.com/v1/create-qr-code/?size=1000x1000&margin=0&qzone=1&ecc=M&data=https%3A%2F%2Fbuildlocal.agency%2Fq%2Faz0371,https://buildlocal.agency/m/_no-website.jpg,https://buildlocal.agency/m/desert-horizon-landscaping-llc-new.jpg,desert-horizon-landscaping-llc,az0371,https://buildlocal.agency/q/az0371
Desert Horizon Landscaping,,,Goodyear,AZ,,Desert Horizon Landscaping,deserves a better,59,https://api.qrserver.com/v1/create-qr-code/?size=1000x1000&margin=0&qzone=1&ecc=M&data=https%3A%2F%2Fbuildlocal.agency%2Fq%2Faz0372,https://buildlocal.agency/m/_no-website.jpg,https://buildlocal.agency/m/desert-horizon-landscaping-new.jpg,desert-horizon-landscaping,az0372,https://buildlocal.agency/q/az0372
"Unlimited Curbing LLC - Landscaper, Landscaping Company Contractor Installation",,,Goodyear,AZ,,Unlimited Curbing,deserves a better,78,https://api.qrserver.com/v1/create-qr-code/?size=1000x1000&margin=0&qzone=1&ecc=M&data=https%3A%2F%2Fbuildlocal.agency%2Fq%2Faz0373,https://buildlocal.agency/m/_no-website.jpg,https://buildlocal.agency/m/unlimited-curbing-llc-landscaper-landscaping-company-contrac-new.jpg,unlimited-curbing-llc-landscaper-landscaping-company-contrac,az0373,https://buildlocal.agency/q/az0373
Paradise Landscaping Full Service,,,Tolleson,AZ,,Paradise Landscaping,deserves a,77,https://api.qrserver.com/v1/create-qr-code/?size=1000x1000&margin=0&qzone=1&ecc=M&data=https%3A%2F%2Fbuildlocal.agency%2Fq%2Faz0374,https://buildlocal.agency/m/_no-website.jpg,https://buildlocal.agency/m/paradise-landscaping-full-service-new.jpg,paradise-landscaping-full-service,az0374,https://buildlocal.agency/q/az0374
2U Landscape Solutions,,,Avondale,AZ,,2U Landscape Solutions,deserves a better,70,https://api.qrserver.com/v1/create-qr-code/?size=1000x1000&margin=0&qzone=1&ecc=M&data=https%3A%2F%2Fbuildlocal.agency%2Fq%2Faz0375,https://buildlocal.agency/m/_no-website.jpg,https://buildlocal.agency/m/2u-landscape-solutions-new.jpg,2u-landscape-solutions,az0375,https://buildlocal.agency/q/az0375
SITEONE LANDSCAPE SUPPLY STORE,,,Goodyear,AZ,,SITEONE LANDSCAPE SUPPLY,deserves a,64,https://api.qrserver.com/v1/create-qr-code/?size=1000x1000&margin=0&qzone=1&ecc=M&data=https%3A%2F%2Fbuildlocal.agency%2Fq%2Faz0376,https://buildlocal.agency/m/_no-website.jpg,https://buildlocal.agency/m/siteone-landscape-supply-store-new.jpg,siteone-landscape-supply-store,az0376,https://buildlocal.agency/q/az0376
Nates Quality Service,,,Goodyear,AZ,,Nates Quality Service,deserves a better,73,https://api.qrserver.com/v1/create-qr-code/?size=1000x1000&margin=0&qzone=1&ecc=M&data=https%3A%2F%2Fbuildlocal.agency%2Fq%2Faz0377,https://buildlocal.agency/m/_no-website.jpg,https://buildlocal.agency/m/nates-quality-service-new.jpg,nates-quality-service,az0377,https://buildlocal.agency/q/az0377
Ewing Outdoor Supply,,,Glendale,AZ,,Ewing Outdoor Supply,deserves a better,77,https://api.qrserver.com/v1/create-qr-code/?size=1000x1000&margin=0&qzone=1&ecc=M&data=https%3A%2F%2Fbuildlocal.agency%2Fq%2Faz0378,https://buildlocal.agency/m/_no-website.jpg,https://buildlocal.agency/m/ewing-outdoor-supply-glendale-new.jpg,ewing-outdoor-supply-glendale,az0378,https://buildlocal.agency/q/az0378
"American Way Landscaping, LLC",,,Goodyear,AZ,,American Way Landscaping,deserves a better,64,https://api.qrserver.com/v1/create-qr-code/?size=1000x1000&margin=0&qzone=1&ecc=M&data=https%3A%2F%2Fbuildlocal.agency%2Fq%2Faz0379,https://buildlocal.agency/m/_no-website.jpg,https://buildlocal.agency/m/american-way-landscaping-llc-new.jpg,american-way-landscaping-llc,az0379,https://buildlocal.agency/q/az0379
Worry Free Sprinklers,,,Goodyear,AZ,,Worry Free Sprinklers,deserves a better,73,https://api.qrserver.com/v1/create-qr-code/?size=1000x1000&margin=0&qzone=1&ecc=M&data=https%3A%2F%2Fbuildlocal.agency%2Fq%2Faz0380,https://buildlocal.agency/m/_no-website.jpg,https://buildlocal.agency/m/worry-free-sprinklers-new.jpg,worry-free-sprinklers,az0380,https://buildlocal.agency/q/az0380
Valentine Landscaping of Avondale,,,Avondale,AZ,,Valentine Landscaping,deserves a better,73,https://api.qrserver.com/v1/create-qr-code/?size=1000x1000&margin=0&qzone=1&ecc=M&data=https%3A%2F%2Fbuildlocal.agency%2Fq%2Faz0381,https://buildlocal.agency/m/_no-website.jpg,https://buildlocal.agency/m/valentine-landscaping-of-avondale-new.jpg,valentine-landscaping-of-avondale,az0381,https://buildlocal.agency/q/az0381
"VisionScapes, Inc.",,,Avondale,AZ,,VisionScapes,deserves a better,78,https://api.qrserver.com/v1/create-qr-code/?size=1000x1000&margin=0&qzone=1&ecc=M&data=https%3A%2F%2Fbuildlocal.agency%2Fq%2Faz0382,https://buildlocal.agency/m/_no-website.jpg,https://buildlocal.agency/m/visionscapes-inc-new.jpg,visionscapes-inc,az0382,https://buildlocal.agency/q/az0382
Green Garden Lawn Services,,,Avondale,AZ,,Green Garden Lawn Services,deserves a better,59,https://api.qrserver.com/v1/create-qr-code/?size=1000x1000&margin=0&qzone=1&ecc=M&data=https%3A%2F%2Fbuildlocal.agency%2Fq%2Faz0383,https://buildlocal.agency/m/_no-website.jpg,https://buildlocal.agency/m/green-garden-lawn-services-new.jpg,green-garden-lawn-services,az0383,https://buildlocal.agency/q/az0383
JOSE S.LAWN CARE SERVICES,,,Avondale,AZ,,JOSE S.LAWN CARE SERVICES,deserves a,62,https://api.qrserver.com/v1/create-qr-code/?size=1000x1000&margin=0&qzone=1&ecc=M&data=https%3A%2F%2Fbuildlocal.agency%2Fq%2Faz0384,https://buildlocal.agency/m/_no-website.jpg,https://buildlocal.agency/m/jose-s-lawn-care-services-new.jpg,jose-s-lawn-care-services,az0384,https://buildlocal.agency/q/az0384
Javier Romero Landscaping - Professional Landscaper,,,Avondale,AZ,,Javier Romero Landscaping,deserves a better,62,https://api.qrserver.com/v1/create-qr-code/?size=1000x1000&margin=0&qzone=1&ecc=M&data=https%3A%2F%2Fbuildlocal.agency%2Fq%2Faz0385,https://buildlocal.agency/m/_no-website.jpg,https://buildlocal.agency/m/javier-romero-landscaping-professional-landscaper-new.jpg,javier-romero-landscaping-professional-landscaper,az0385,https://buildlocal.agency/q/az0385
Az Turf and Landscape,,,Avondale,AZ,,Az Turf and Landscape,deserves a better,73,https://api.qrserver.com/v1/create-qr-code/?size=1000x1000&margin=0&qzone=1&ecc=M&data=https%3A%2F%2Fbuildlocal.agency%2Fq%2Faz0386,https://buildlocal.agency/m/_no-website.jpg,https://buildlocal.agency/m/az-turf-and-landscape-new.jpg,az-turf-and-landscape,az0386,https://buildlocal.agency/q/az0386
Provision Landscapes,,,Avondale,AZ,,Provision Landscapes,deserves a better,77,https://api.qrserver.com/v1/create-qr-code/?size=1000x1000&margin=0&qzone=1&ecc=M&data=https%3A%2F%2Fbuildlocal.agency%2Fq%2Faz0387,https://buildlocal.agency/m/_no-website.jpg,https://buildlocal.agency/m/provision-landscapes-new.jpg,provision-landscapes,az0387,https://buildlocal.agency/q/az0387
BrightView Landscapes,,,Avondale,AZ,,BrightView Landscapes,deserves a better,73,https://api.qrserver.com/v1/create-qr-code/?size=1000x1000&margin=0&qzone=1&ecc=M&data=https%3A%2F%2Fbuildlocal.agency%2Fq%2Faz0388,https://buildlocal.agency/m/_no-website.jpg,https://buildlocal.agency/m/brightview-landscapes-avondale-new.jpg,brightview-landscapes-avondale,az0388,https://buildlocal.agency/q/az0388
ABBA Landscaping Services,,,Avondale,AZ,,ABBA Landscaping Services,deserves a better,62,https://api.qrserver.com/v1/create-qr-code/?size=1000x1000&margin=0&qzone=1&ecc=M&data=https%3A%2F%2Fbuildlocal.agency%2Fq%2Faz0389,https://buildlocal.agency/m/_no-website.jpg,https://buildlocal.agency/m/abba-landscaping-services-new.jpg,abba-landscaping-services,az0389,https://buildlocal.agency/q/az0389
Valley of the Sun Landscaping Services LLC,,,Avondale,AZ,,Valley of the Sun Landscaping,deserves a better,53,https://api.qrserver.com/v1/create-qr-code/?size=1000x1000&margin=0&qzone=1&ecc=M&data=https%3A%2F%2Fbuildlocal.agency%2Fq%2Faz0390,https://buildlocal.agency/m/_no-website.jpg,https://buildlocal.agency/m/valley-of-the-sun-landscaping-services-llc-new.jpg,valley-of-the-sun-landscaping-services-llc,az0390,https://buildlocal.agency/q/az0390
VIP Landscape Services LLC,,,Tolleson,AZ,,VIP Landscape Services,deserves a,70,https://api.qrserver.com/v1/create-qr-code/?size=1000x1000&margin=0&qzone=1&ecc=M&data=https%3A%2F%2Fbuildlocal.agency%2Fq%2Faz0391,https://buildlocal.agency/m/_no-website.jpg,https://buildlocal.agency/m/vip-landscape-services-llc-new.jpg,vip-landscape-services-llc,az0391,https://buildlocal.agency/q/az0391
Eco-Yard Landscaping LLC,,,Avondale,AZ,,Eco-Yard Landscaping,deserves a better,77,https://api.qrserver.com/v1/create-qr-code/?size=1000x1000&margin=0&qzone=1&ecc=M&data=https%3A%2F%2Fbuildlocal.agency%2Fq%2Faz0392,https://buildlocal.agency/m/_no-website.jpg,https://buildlocal.agency/m/eco-yard-landscaping-llc-new.jpg,eco-yard-landscaping-llc,az0392,https://buildlocal.agency/q/az0392
West Coast Sand & Gravel,,,Avondale,AZ,,West Coast Sand & Gravel,deserves a better,64,https://api.qrserver.com/v1/create-qr-code/?size=1000x1000&margin=0&qzone=1&ecc=M&data=https%3A%2F%2Fbuildlocal.agency%2Fq%2Faz0393,https://buildlocal.agency/m/_no-website.jpg,https://buildlocal.agency/m/west-coast-sand-and-gravel-new.jpg,west-coast-sand-and-gravel,az0393,https://buildlocal.agency/q/az0393
Desert Fields Landscaping LLC,,,Tolleson,AZ,,Desert Fields Landscaping,deserves a,62,https://api.qrserver.com/v1/create-qr-code/?size=1000x1000&margin=0&qzone=1&ecc=M&data=https%3A%2F%2Fbuildlocal.agency%2Fq%2Faz0394,https://buildlocal.agency/m/_no-website.jpg,https://buildlocal.agency/m/desert-fields-landscaping-llc-new.jpg,desert-fields-landscaping-llc,az0394,https://buildlocal.agency/q/az0394
Divine Green Landscaping,,,Phoenix,AZ,,Divine Green Landscaping,deserves a,64,https://api.qrserver.com/v1/create-qr-code/?size=1000x1000&margin=0&qzone=1&ecc=M&data=https%3A%2F%2Fbuildlocal.agency%2Fq%2Faz0395,https://buildlocal.agency/m/_no-website.jpg,https://buildlocal.agency/m/divine-green-landscaping-new.jpg,divine-green-landscaping,az0395,https://buildlocal.agency/q/az0395
JMH Turf,,,Avondale,AZ,,JMH Turf,deserves a better,78,https://api.qrserver.com/v1/create-qr-code/?size=1000x1000&margin=0&qzone=1&ecc=M&data=https%3A%2F%2Fbuildlocal.agency%2Fq%2Faz0396,https://buildlocal.agency/m/_no-website.jpg,https://buildlocal.agency/m/jmh-turf-new.jpg,jmh-turf,az0396,https://buildlocal.agency/q/az0396
Eternal Spring Landscaping,,,Phoenix,AZ,,Eternal Spring Landscaping,deserves a better,59,https://api.qrserver.com/v1/create-qr-code/?size=1000x1000&margin=0&qzone=1&ecc=M&data=https%3A%2F%2Fbuildlocal.agency%2Fq%2Faz0397,https://buildlocal.agency/m/_no-website.jpg,https://buildlocal.agency/m/eternal-spring-landscaping-new.jpg,eternal-spring-landscaping,az0397,https://buildlocal.agency/q/az0397
"Rustic Creek Landscaping, Inc.",,,Queen Creek,AZ,,Rustic Creek Landscaping,deserves a better,64,https://api.qrserver.com/v1/create-qr-code/?size=1000x1000&margin=0&qzone=1&ecc=M&data=https%3A%2F%2Fbuildlocal.agency%2Fq%2Faz0398,https://buildlocal.agency/m/_no-website.jpg,https://buildlocal.agency/m/rustic-creek-landscaping-inc-new.jpg,rustic-creek-landscaping-inc,az0398,https://buildlocal.agency/q/az0398
The Yard Experts,,,Queen Creek,AZ,,The Yard Experts,deserves a better,78,https://api.qrserver.com/v1/create-qr-code/?size=1000x1000&margin=0&qzone=1&ecc=M&data=https%3A%2F%2Fbuildlocal.agency%2Fq%2Faz0399,https://buildlocal.agency/m/_no-website.jpg,https://buildlocal.agency/m/the-yard-experts-queen-creek-new.jpg,the-yard-experts-queen-creek,az0399,https://buildlocal.agency/q/az0399
Red Mountain Landscaping,,,Queen Creek,AZ,,Red Mountain Landscaping,deserves a better,64,https://api.qrserver.com/v1/create-qr-code/?size=1000x1000&margin=0&qzone=1&ecc=M&data=https%3A%2F%2Fbuildlocal.agency%2Fq%2Faz0400,https://buildlocal.agency/m/_no-website.jpg,https://buildlocal.agency/m/red-mountain-landscaping-new.jpg,red-mountain-landscaping,az0400,https://buildlocal.agency/q/az0400
Mesquite Landscaping Inc.,,,Queen Creek,AZ,,Mesquite Landscaping,deserves a better,77,https://api.qrserver.com/v1/create-qr-code/?size=1000x1000&margin=0&qzone=1&ecc=M&data=https%3A%2F%2Fbuildlocal.agency%2Fq%2Faz0401,https://buildlocal.agency/m/_no-website.jpg,https://buildlocal.agency/m/mesquite-landscaping-inc-new.jpg,mesquite-landscaping-inc,az0401,https://buildlocal.agency/q/az0401
BV Lawn Care,,,Queen Creek,AZ,,BV Lawn Care,deserves a better,78,https://api.qrserver.com/v1/create-qr-code/?size=1000x1000&margin=0&qzone=1&ecc=M&data=https%3A%2F%2Fbuildlocal.agency%2Fq%2Faz0402,https://buildlocal.agency/m/_no-website.jpg,https://buildlocal.agency/m/bv-lawn-care-new.jpg,bv-lawn-care,az0402,https://buildlocal.agency/q/az0402
Arizona Living Landscape & Design Queen Creek AZ,,,Queen Creek,AZ,,Arizona Living Landscape,deserves a better,64,https://api.qrserver.com/v1/create-qr-code/?size=1000x1000&margin=0&qzone=1&ecc=M&data=https%3A%2F%2Fbuildlocal.agency%2Fq%2Faz0403,https://buildlocal.agency/m/_no-website.jpg,https://buildlocal.agency/m/arizona-living-landscape-and-design-queen-creek-az-new.jpg,arizona-living-landscape-and-design-queen-creek-az,az0403,https://buildlocal.agency/q/az0403
Jurassic Landscape and Hardscape Design,,,Queen Creek,AZ,,Jurassic Landscape,deserves a better,78,https://api.qrserver.com/v1/create-qr-code/?size=1000x1000&margin=0&qzone=1&ecc=M&data=https%3A%2F%2Fbuildlocal.agency%2Fq%2Faz0404,https://buildlocal.agency/m/_no-website.jpg,https://buildlocal.agency/m/jurassic-landscape-and-hardscape-design-new.jpg,jurassic-landscape-and-hardscape-design,az0404,https://buildlocal.agency/q/az0404
K&O Landscaping & Handyman Services LLC,,,San Tan Valley,AZ,,K&O Landscaping & Handyman,deserves a,59,https://api.qrserver.com/v1/create-qr-code/?size=1000x1000&margin=0&qzone=1&ecc=M&data=https%3A%2F%2Fbuildlocal.agency%2Fq%2Faz0405,https://buildlocal.agency/m/_no-website.jpg,https://buildlocal.agency/m/kando-landscaping-and-handyman-services-llc-new.jpg,kando-landscaping-and-handyman-services-llc,az0405,https://buildlocal.agency/q/az0405
"A&G Landscaping, LLC",,,Queen Creek,AZ,,A&G Landscaping,deserves a,78,https://api.qrserver.com/v1/create-qr-code/?size=1000x1000&margin=0&qzone=1&ecc=M&data=https%3A%2F%2Fbuildlocal.agency%2Fq%2Faz0406,https://buildlocal.agency/m/_no-website.jpg,https://buildlocal.agency/m/aandg-landscaping-llc-new.jpg,aandg-landscaping-llc,az0406,https://buildlocal.agency/q/az0406
DT Yard Scape LLC.,,,Queen Creek,AZ,,DT Yard Scape,deserves a,78,https://api.qrserver.com/v1/create-qr-code/?size=1000x1000&margin=0&qzone=1&ecc=M&data=https%3A%2F%2Fbuildlocal.agency%2Fq%2Faz0407,https://buildlocal.agency/m/_no-website.jpg,https://buildlocal.agency/m/dt-yard-scape-llc-new.jpg,dt-yard-scape-llc,az0407,https://buildlocal.agency/q/az0407
Desert Skies Landscapes,,,Queen Creek,AZ,,Desert Skies Landscapes,deserves a better,67,https://api.qrserver.com/v1/create-qr-code/?size=1000x1000&margin=0&qzone=1&ecc=M&data=https%3A%2F%2Fbuildlocal.agency%2Fq%2Faz0408,https://buildlocal.agency/m/_no-website.jpg,https://buildlocal.agency/m/desert-skies-landscapes-new.jpg,desert-skies-landscapes,az0408,https://buildlocal.agency/q/az0408
San Tan Valley Landscapes,,,Queen Creek,AZ,,San Tan Valley Landscapes,deserves a better,62,https://api.qrserver.com/v1/create-qr-code/?size=1000x1000&margin=0&qzone=1&ecc=M&data=https%3A%2F%2Fbuildlocal.agency%2Fq%2Faz0409,https://buildlocal.agency/m/_no-website.jpg,https://buildlocal.agency/m/san-tan-valley-landscapes-new.jpg,san-tan-valley-landscapes,az0409,https://buildlocal.agency/q/az0409
Prime Landscape Design,,,Queen Creek,AZ,,Prime Landscape Design,deserves a better,70,https://api.qrserver.com/v1/create-qr-code/?size=1000x1000&margin=0&qzone=1&ecc=M&data=https%3A%2F%2Fbuildlocal.agency%2Fq%2Faz0410,https://buildlocal.agency/m/_no-website.jpg,https://buildlocal.agency/m/prime-landscape-design-new.jpg,prime-landscape-design,az0410,https://buildlocal.agency/q/az0410
AZ Demolition and Landscaping,,,Queen Creek,AZ,,AZ Demolition and Landscaping,deserves a better,53,https://api.qrserver.com/v1/create-qr-code/?size=1000x1000&margin=0&qzone=1&ecc=M&data=https%3A%2F%2Fbuildlocal.agency%2Fq%2Faz0411,https://buildlocal.agency/m/_no-website.jpg,https://buildlocal.agency/m/az-demolition-and-landscaping-new.jpg,az-demolition-and-landscaping,az0411,https://buildlocal.agency/q/az0411
Blooming Vista,,,Queen Creek,AZ,,Blooming Vista,deserves a better,78,https://api.qrserver.com/v1/create-qr-code/?size=1000x1000&margin=0&qzone=1&ecc=M&data=https%3A%2F%2Fbuildlocal.agency%2Fq%2Faz0412,https://buildlocal.agency/m/_no-website.jpg,https://buildlocal.agency/m/blooming-vista-new.jpg,blooming-vista,az0412,https://buildlocal.agency/q/az0412
McDowell Landscaping,,,Queen Creek,AZ,,McDowell Landscaping,deserves a better,77,https://api.qrserver.com/v1/create-qr-code/?size=1000x1000&margin=0&qzone=1&ecc=M&data=https%3A%2F%2Fbuildlocal.agency%2Fq%2Faz0413,https://buildlocal.agency/m/_no-website.jpg,https://buildlocal.agency/m/mcdowell-landscaping-new.jpg,mcdowell-landscaping,az0413,https://buildlocal.agency/q/az0413
Best Landscaping Groups,,,Queen Creek,AZ,,Best Landscaping Groups,deserves a better,67,https://api.qrserver.com/v1/create-qr-code/?size=1000x1000&margin=0&qzone=1&ecc=M&data=https%3A%2F%2Fbuildlocal.agency%2Fq%2Faz0414,https://buildlocal.agency/m/_no-website.jpg,https://buildlocal.agency/m/best-landscaping-groups-new.jpg,best-landscaping-groups,az0414,https://buildlocal.agency/q/az0414
Copper Ridge Landscaping & Design,,,San Tan Valley,AZ,,Copper Ridge Landscaping,deserves a better,64,https://api.qrserver.com/v1/create-qr-code/?size=1000x1000&margin=0&qzone=1&ecc=M&data=https%3A%2F%2Fbuildlocal.agency%2Fq%2Faz0415,https://buildlocal.agency/m/_no-website.jpg,https://buildlocal.agency/m/copper-ridge-landscaping-and-design-e-l-m-landscaping-and-de-new.jpg,copper-ridge-landscaping-and-design-e-l-m-landscaping-and-de,az0415,https://buildlocal.agency/q/az0415
Esteban Land Design Inc.,,,Queen Creek,AZ,,Esteban Land Design,deserves a better,78,https://api.qrserver.com/v1/create-qr-code/?size=1000x1000&margin=0&qzone=1&ecc=M&data=https%3A%2F%2Fbuildlocal.agency%2Fq%2Faz0416,https://buildlocal.agency/m/_no-website.jpg,https://buildlocal.agency/m/esteban-land-design-inc-new.jpg,esteban-land-design-inc,az0416,https://buildlocal.agency/q/az0416
AZ Rock Depot,,,Queen Creek,AZ,,AZ Rock Depot,deserves a better,78,https://api.qrserver.com/v1/create-qr-code/?size=1000x1000&margin=0&qzone=1&ecc=M&data=https%3A%2F%2Fbuildlocal.agency%2Fq%2Faz0417,https://buildlocal.agency/m/_no-website.jpg,https://buildlocal.agency/m/az-rock-depot-new.jpg,az-rock-depot,az0417,https://buildlocal.agency/q/az0417
True Vision Landscapes,,,Queen Creek,AZ,,True Vision Landscapes,deserves a better,70,https://api.qrserver.com/v1/create-qr-code/?size=1000x1000&margin=0&qzone=1&ecc=M&data=https%3A%2F%2Fbuildlocal.agency%2Fq%2Faz0418,https://buildlocal.agency/m/_no-website.jpg,https://buildlocal.agency/m/true-vision-landscapes-new.jpg,true-vision-landscapes,az0418,https://buildlocal.agency/q/az0418
Imperial Valley Landscape,,,Queen Creek,AZ,,Imperial Valley Landscape,deserves a better,62,https://api.qrserver.com/v1/create-qr-code/?size=1000x1000&margin=0&qzone=1&ecc=M&data=https%3A%2F%2Fbuildlocal.agency%2Fq%2Faz0419,https://buildlocal.agency/m/_no-website.jpg,https://buildlocal.agency/m/imperial-valley-landscape-new.jpg,imperial-valley-landscape,az0419,https://buildlocal.agency/q/az0419
Platinum Outdoors LLC,,,San Tan Valley,AZ,,Platinum Outdoors,deserves a better,78,https://api.qrserver.com/v1/create-qr-code/?size=1000x1000&margin=0&qzone=1&ecc=M&data=https%3A%2F%2Fbuildlocal.agency%2Fq%2Faz0420,https://buildlocal.agency/m/_no-website.jpg,https://buildlocal.agency/m/platinum-outdoors-llc-new.jpg,platinum-outdoors-llc,az0420,https://buildlocal.agency/q/az0420
"J & E Landscape, LLC",,,San Tan Valley,AZ,,J & E Landscape,deserves a better,78,https://api.qrserver.com/v1/create-qr-code/?size=1000x1000&margin=0&qzone=1&ecc=M&data=https%3A%2F%2Fbuildlocal.agency%2Fq%2Faz0421,https://buildlocal.agency/m/_no-website.jpg,https://buildlocal.agency/m/j-and-e-landscape-llc-new.jpg,j-and-e-landscape-llc,az0421,https://buildlocal.agency/q/az0421
Rock It Landscape Materials,,,Queen Creek,AZ,,Rock It Landscape Materials,deserves a better,57,https://api.qrserver.com/v1/create-qr-code/?size=1000x1000&margin=0&qzone=1&ecc=M&data=https%3A%2F%2Fbuildlocal.agency%2Fq%2Faz0422,https://buildlocal.agency/m/_no-website.jpg,https://buildlocal.agency/m/rock-it-landscape-materials-new.jpg,rock-it-landscape-materials,az0422,https://buildlocal.agency/q/az0422
MandD Landscaping Services LLC,,,San Tan Valley,AZ,,MandD Landscaping Services,deserves a,59,https://api.qrserver.com/v1/create-qr-code/?size=1000x1000&margin=0&qzone=1&ecc=M&data=https%3A%2F%2Fbuildlocal.agency%2Fq%2Faz0423,https://buildlocal.agency/m/_no-website.jpg,https://buildlocal.agency/m/mandd-landscaping-services-llc-new.jpg,mandd-landscaping-services-llc,az0423,https://buildlocal.agency/q/az0423
Ocotillo Landscapes,,,San Tan Valley,AZ,,Ocotillo Landscapes,deserves a better,78,https://api.qrserver.com/v1/create-qr-code/?size=1000x1000&margin=0&qzone=1&ecc=M&data=https%3A%2F%2Fbuildlocal.agency%2Fq%2Faz0424,https://buildlocal.agency/m/_no-website.jpg,https://buildlocal.agency/m/ocotillo-landscapes-new.jpg,ocotillo-landscapes,az0424,https://buildlocal.agency/q/az0424
"Sundance Landscape Maintenance, Inc.",,,Queen Creek,AZ,,Sundance Landscape,deserves a better,78,https://api.qrserver.com/v1/create-qr-code/?size=1000x1000&margin=0&qzone=1&ecc=M&data=https%3A%2F%2Fbuildlocal.agency%2Fq%2Faz0425,https://buildlocal.agency/m/_no-website.jpg,https://buildlocal.agency/m/sundance-landscape-maintenance-inc-new.jpg,sundance-landscape-maintenance-inc,az0425,https://buildlocal.agency/q/az0425
Vaquero X Landscape LLC,,,Queen Creek,AZ,,Vaquero X Landscape,deserves a better,78,https://api.qrserver.com/v1/create-qr-code/?size=1000x1000&margin=0&qzone=1&ecc=M&data=https%3A%2F%2Fbuildlocal.agency%2Fq%2Faz0426,https://buildlocal.agency/m/_no-website.jpg,https://buildlocal.agency/m/vaquero-x-landscape-llc-new.jpg,vaquero-x-landscape-llc,az0426,https://buildlocal.agency/q/az0426
Queen Creek Irrigation & Sprinkler,,,Queen Creek,AZ,,Queen Creek Irrigation,deserves a better,70,https://api.qrserver.com/v1/create-qr-code/?size=1000x1000&margin=0&qzone=1&ecc=M&data=https%3A%2F%2Fbuildlocal.agency%2Fq%2Faz0427,https://buildlocal.agency/m/_no-website.jpg,https://buildlocal.agency/m/queen-creek-irrigation-and-sprinkler-new.jpg,queen-creek-irrigation-and-sprinkler,az0427,https://buildlocal.agency/q/az0427
Elaborate Landscape Management,,,Queen Creek,AZ,,Elaborate Landscape,deserves a better,78,https://api.qrserver.com/v1/create-qr-code/?size=1000x1000&margin=0&qzone=1&ecc=M&data=https%3A%2F%2Fbuildlocal.agency%2Fq%2Faz0428,https://buildlocal.agency/m/_no-website.jpg,https://buildlocal.agency/m/elaborate-landscape-management-new.jpg,elaborate-landscape-management,az0428,https://buildlocal.agency/q/az0428
Cool Trimmings,,,Queen Creek,AZ,,Cool Trimmings,deserves a better,78,https://api.qrserver.com/v1/create-qr-code/?size=1000x1000&margin=0&qzone=1&ecc=M&data=https%3A%2F%2Fbuildlocal.agency%2Fq%2Faz0429,https://buildlocal.agency/m/_no-website.jpg,https://buildlocal.agency/m/cool-trimmings-new.jpg,cool-trimmings,az0429,https://buildlocal.agency/q/az0429
JLE Hardscape & Design,,,Queen Creek,AZ,,JLE Hardscape & Design,deserves a better,70,https://api.qrserver.com/v1/create-qr-code/?size=1000x1000&margin=0&qzone=1&ecc=M&data=https%3A%2F%2Fbuildlocal.agency%2Fq%2Faz0430,https://buildlocal.agency/m/_no-website.jpg,https://buildlocal.agency/m/jle-hardscape-and-design-new.jpg,jle-hardscape-and-design,az0430,https://buildlocal.agency/q/az0430
Las Perlas Landscaping,,,San Tan Valley,AZ,,Las Perlas Landscaping,deserves a better,70,https://api.qrserver.com/v1/create-qr-code/?size=1000x1000&margin=0&qzone=1&ecc=M&data=https%3A%2F%2Fbuildlocal.agency%2Fq%2Faz0431,https://buildlocal.agency/m/_no-website.jpg,https://buildlocal.agency/m/las-perlas-landscaping-new.jpg,las-perlas-landscaping,az0431,https://buildlocal.agency/q/az0431
Amador Landscaping Services LLC,,,Queen Creek,AZ,,Amador Landscaping Services,deserves a better,57,https://api.qrserver.com/v1/create-qr-code/?size=1000x1000&margin=0&qzone=1&ecc=M&data=https%3A%2F%2Fbuildlocal.agency%2Fq%2Faz0432,https://buildlocal.agency/m/_no-website.jpg,https://buildlocal.agency/m/amador-landscaping-services-llc-new.jpg,amador-landscaping-services-llc,az0432,https://buildlocal.agency/q/az0432
"Caballero’s Landscape, Inc.",,,Buckeye,AZ,,Caballero’s Landscape,deserves a better,73,https://api.qrserver.com/v1/create-qr-code/?size=1000x1000&margin=0&qzone=1&ecc=M&data=https%3A%2F%2Fbuildlocal.agency%2Fq%2Faz0433,https://buildlocal.agency/m/_no-website.jpg,https://buildlocal.agency/m/caballero-s-landscape-inc-new.jpg,caballero-s-landscape-inc,az0433,https://buildlocal.agency/q/az0433
Common Ground Landscapes LLC,,,Buckeye,AZ,,Common Ground Landscapes,deserves a,64,https://api.qrserver.com/v1/create-qr-code/?size=1000x1000&margin=0&qzone=1&ecc=M&data=https%3A%2F%2Fbuildlocal.agency%2Fq%2Faz0434,https://buildlocal.agency/m/_no-website.jpg,https://buildlocal.agency/m/common-ground-landscapes-llc-new.jpg,common-ground-landscapes-llc,az0434,https://buildlocal.agency/q/az0434
West Valley Rock,,,Buckeye,AZ,,West Valley Rock,deserves a better,78,https://api.qrserver.com/v1/create-qr-code/?size=1000x1000&margin=0&qzone=1&ecc=M&data=https%3A%2F%2Fbuildlocal.agency%2Fq%2Faz0435,https://buildlocal.agency/m/_no-website.jpg,https://buildlocal.agency/m/west-valley-rock-new.jpg,west-valley-rock,az0435,https://buildlocal.agency/q/az0435
"Arizona Success Landscape, Llc",,,Buckeye,AZ,,Arizona Success Landscape,deserves a,62,https://api.qrserver.com/v1/create-qr-code/?size=1000x1000&margin=0&qzone=1&ecc=M&data=https%3A%2F%2Fbuildlocal.agency%2Fq%2Faz0436,https://buildlocal.agency/m/_no-website.jpg,https://buildlocal.agency/m/arizona-success-landscape-llc-new.jpg,arizona-success-landscape-llc,az0436,https://buildlocal.agency/q/az0436
Festival Landscaping,,,Buckeye,AZ,,Festival Landscaping,deserves a better,77,https://api.qrserver.com/v1/create-qr-code/?size=1000x1000&margin=0&qzone=1&ecc=M&data=https%3A%2F%2Fbuildlocal.agency%2Fq%2Faz0437,https://buildlocal.agency/m/_no-website.jpg,https://buildlocal.agency/m/festival-landscaping-new.jpg,festival-landscaping,az0437,https://buildlocal.agency/q/az0437
Saucedo’s Landscape LLC,,,Buckeye,AZ,,Saucedo’s Landscape,deserves a better,78,https://api.qrserver.com/v1/create-qr-code/?size=1000x1000&margin=0&qzone=1&ecc=M&data=https%3A%2F%2Fbuildlocal.agency%2Fq%2Faz0438,https://buildlocal.agency/m/_no-website.jpg,https://buildlocal.agency/m/saucedo-s-landscape-llc-new.jpg,saucedo-s-landscape-llc,az0438,https://buildlocal.agency/q/az0438
Integrity Landscapes LLC,,,Buckeye,AZ,,Integrity Landscapes,deserves a better,77,https://api.qrserver.com/v1/create-qr-code/?size=1000x1000&margin=0&qzone=1&ecc=M&data=https%3A%2F%2Fbuildlocal.agency%2Fq%2Faz0439,https://buildlocal.agency/m/_no-website.jpg,https://buildlocal.agency/m/integrity-landscapes-llc-new.jpg,integrity-landscapes-llc,az0439,https://buildlocal.agency/q/az0439
The Green Garden Yard Services,,,Buckeye,AZ,,The Green Garden Yard Services,deserves a,51,https://api.qrserver.com/v1/create-qr-code/?size=1000x1000&margin=0&qzone=1&ecc=M&data=https%3A%2F%2Fbuildlocal.agency%2Fq%2Faz0440,https://buildlocal.agency/m/_no-website.jpg,https://buildlocal.agency/m/the-green-garden-yard-services-new.jpg,the-green-garden-yard-services,az0440,https://buildlocal.agency/q/az0440
Arizona Sand And Gravel,,,Buckeye,AZ,,Arizona Sand And Gravel,deserves a better,67,https://api.qrserver.com/v1/create-qr-code/?size=1000x1000&margin=0&qzone=1&ecc=M&data=https%3A%2F%2Fbuildlocal.agency%2Fq%2Faz0441,https://buildlocal.agency/m/_no-website.jpg,https://buildlocal.agency/m/arizona-sand-and-gravel-new.jpg,arizona-sand-and-gravel,az0441,https://buildlocal.agency/q/az0441
Green Touch Landscaping,,,Buckeye,AZ,,Green Touch Landscaping,deserves a better,67,https://api.qrserver.com/v1/create-qr-code/?size=1000x1000&margin=0&qzone=1&ecc=M&data=https%3A%2F%2Fbuildlocal.agency%2Fq%2Faz0442,https://buildlocal.agency/m/_no-website.jpg,https://buildlocal.agency/m/green-touch-landscaping-new.jpg,green-touch-landscaping,az0442,https://buildlocal.agency/q/az0442
"Frank and Son Landscaping, LLC",,,Buckeye,AZ,,Frank and Son Landscaping,deserves a better,62,https://api.qrserver.com/v1/create-qr-code/?size=1000x1000&margin=0&qzone=1&ecc=M&data=https%3A%2F%2Fbuildlocal.agency%2Fq%2Faz0443,https://buildlocal.agency/m/_no-website.jpg,https://buildlocal.agency/m/frank-and-son-landscaping-llc-new.jpg,frank-and-son-landscaping-llc,az0443,https://buildlocal.agency/q/az0443
M&B LANDSCAPE LLC,,,Buckeye,AZ,,M&B LANDSCAPE,deserves a,78,https://api.qrserver.com/v1/create-qr-code/?size=1000x1000&margin=0&qzone=1&ecc=M&data=https%3A%2F%2Fbuildlocal.agency%2Fq%2Faz0444,https://buildlocal.agency/m/_no-website.jpg,https://buildlocal.agency/m/mandb-landscape-llc-new.jpg,mandb-landscape-llc,az0444,https://buildlocal.agency/q/az0444
Preach Building & Landscape Supply,,,Buckeye,AZ,,Preach Building & Landscape,deserves a better,57,https://api.qrserver.com/v1/create-qr-code/?size=1000x1000&margin=0&qzone=1&ecc=M&data=https%3A%2F%2Fbuildlocal.agency%2Fq%2Faz0445,https://buildlocal.agency/m/_no-website.jpg,https://buildlocal.agency/m/preach-building-and-landscape-supply-new.jpg,preach-building-and-landscape-supply,az0445,https://buildlocal.agency/q/az0445
Jackrabbit Nursery,,,Buckeye,AZ,,Jackrabbit Nursery,deserves a better,78,https://api.qrserver.com/v1/create-qr-code/?size=1000x1000&margin=0&qzone=1&ecc=M&data=https%3A%2F%2Fbuildlocal.agency%2Fq%2Faz0446,https://buildlocal.agency/m/_no-website.jpg,https://buildlocal.agency/m/jackrabbit-nursery-new.jpg,jackrabbit-nursery,az0446,https://buildlocal.agency/q/az0446
Rock4LessAZ - Landscape Rock Phoenix,,,Litchfield Park,AZ,,Rock4Less,deserves a better,78,https://api.qrserver.com/v1/create-qr-code/?size=1000x1000&margin=0&qzone=1&ecc=M&data=https%3A%2F%2Fbuildlocal.agency%2Fq%2Faz0447,https://buildlocal.agency/m/_no-website.jpg,https://buildlocal.agency/m/rock4lessaz-landscape-rock-phoenix-new.jpg,rock4lessaz-landscape-rock-phoenix,az0447,https://buildlocal.agency/q/az0447
HM landscape & paint,,,Buckeye,AZ,,HM landscape & paint,deserves a,77,https://api.qrserver.com/v1/create-qr-code/?size=1000x1000&margin=0&qzone=1&ecc=M&data=https%3A%2F%2Fbuildlocal.agency%2Fq%2Faz0448,https://buildlocal.agency/m/_no-website.jpg,https://buildlocal.agency/m/hm-landscape-and-paint-new.jpg,hm-landscape-and-paint,az0448,https://buildlocal.agency/q/az0448
Sprinkler World of Arizona Inc,,,Buckeye,AZ,,Sprinkler World of Arizona,deserves a better,59,https://api.qrserver.com/v1/create-qr-code/?size=1000x1000&margin=0&qzone=1&ecc=M&data=https%3A%2F%2Fbuildlocal.agency%2Fq%2Faz0449,https://buildlocal.agency/m/_no-website.jpg,https://buildlocal.agency/m/sprinkler-world-of-arizona-inc-new.jpg,sprinkler-world-of-arizona-inc,az0449,https://buildlocal.agency/q/az0449
AZ Landscaping 4U,,,Buckeye,AZ,,AZ Landscaping 4U,deserves a,78,https://api.qrserver.com/v1/create-qr-code/?size=1000x1000&margin=0&qzone=1&ecc=M&data=https%3A%2F%2Fbuildlocal.agency%2Fq%2Faz0450,https://buildlocal.agency/m/_no-website.jpg,https://buildlocal.agency/m/az-landscaping-4u-new.jpg,az-landscaping-4u,az0450,https://buildlocal.agency/q/az0450
Ewing Outdoor Supply,,,Buckeye,AZ,,Ewing Outdoor Supply,deserves a better,77,https://api.qrserver.com/v1/create-qr-code/?size=1000x1000&margin=0&qzone=1&ecc=M&data=https%3A%2F%2Fbuildlocal.agency%2Fq%2Faz0451,https://buildlocal.agency/m/_no-website.jpg,https://buildlocal.agency/m/ewing-outdoor-supply-buckeye-new.jpg,ewing-outdoor-supply-buckeye,az0451,https://buildlocal.agency/q/az0451
Silver Bush Yard Maintenance & Landscaping,,,Buckeye,AZ,,Silver Bush Yard Maintenance,deserves a,55,https://api.qrserver.com/v1/create-qr-code/?size=1000x1000&margin=0&qzone=1&ecc=M&data=https%3A%2F%2Fbuildlocal.agency%2Fq%2Faz0452,https://buildlocal.agency/m/_no-website.jpg,https://buildlocal.agency/m/silver-bush-yard-maintenance-and-landscaping-new.jpg,silver-bush-yard-maintenance-and-landscaping,az0452,https://buildlocal.agency/q/az0452
On-Point Landscaping,,,Buckeye,AZ,,On-Point Landscaping,deserves a,77,https://api.qrserver.com/v1/create-qr-code/?size=1000x1000&margin=0&qzone=1&ecc=M&data=https%3A%2F%2Fbuildlocal.agency%2Fq%2Faz0453,https://buildlocal.agency/m/_no-website.jpg,https://buildlocal.agency/m/on-point-landscaping-new.jpg,on-point-landscaping,az0453,https://buildlocal.agency/q/az0453
Trending Grounds Landscaping,,,Tonopah,AZ,,Trending Grounds Landscaping,deserves a,55,https://api.qrserver.com/v1/create-qr-code/?size=1000x1000&margin=0&qzone=1&ecc=M&data=https%3A%2F%2Fbuildlocal.agency%2Fq%2Faz0454,https://buildlocal.agency/m/_no-website.jpg,https://buildlocal.agency/m/trending-grounds-landscaping-new.jpg,trending-grounds-landscaping,az0454,https://buildlocal.agency/q/az0454
R.G. Landscaping LLC,,,Maricopa,AZ,,R.G. Landscaping,deserves a better,78,https://api.qrserver.com/v1/create-qr-code/?size=1000x1000&margin=0&qzone=1&ecc=M&data=https%3A%2F%2Fbuildlocal.agency%2Fq%2Faz0455,https://buildlocal.agency/m/_no-website.jpg,https://buildlocal.agency/m/r-g-landscaping-llc-new.jpg,r-g-landscaping-llc,az0455,https://buildlocal.agency/q/az0455
M & A Landscaping,,,Maricopa,AZ,,M & A Landscaping,deserves a better,78,https://api.qrserver.com/v1/create-qr-code/?size=1000x1000&margin=0&qzone=1&ecc=M&data=https%3A%2F%2Fbuildlocal.agency%2Fq%2Faz0456,https://buildlocal.agency/m/_no-website.jpg,https://buildlocal.agency/m/m-and-a-landscaping-new.jpg,m-and-a-landscaping,az0456,https://buildlocal.agency/q/az0456
Wildcat Landscape Supply,,,Maricopa,AZ,,Wildcat Landscape Supply,deserves a better,64,https://api.qrserver.com/v1/create-qr-code/?size=1000x1000&margin=0&qzone=1&ecc=M&data=https%3A%2F%2Fbuildlocal.agency%2Fq%2Faz0457,https://buildlocal.agency/m/_no-website.jpg,https://buildlocal.agency/m/wildcat-landscape-supply-new.jpg,wildcat-landscape-supply,az0457,https://buildlocal.agency/q/az0457
Prestige Landscaping Llc,,,Maricopa,AZ,,Prestige Landscaping,deserves a better,77,https://api.qrserver.com/v1/create-qr-code/?size=1000x1000&margin=0&qzone=1&ecc=M&data=https%3A%2F%2Fbuildlocal.agency%2Fq%2Faz0458,https://buildlocal.agency/m/_no-website.jpg,https://buildlocal.agency/m/prestige-landscaping-llc-new.jpg,prestige-landscaping-llc,az0458,https://buildlocal.agency/q/az0458
Landscapes-R-Us Team,,,Maricopa,AZ,,Landscapes-R-Us Team,deserves a,77,https://api.qrserver.com/v1/create-qr-code/?size=1000x1000&margin=0&qzone=1&ecc=M&data=https%3A%2F%2Fbuildlocal.agency%2Fq%2Faz0459,https://buildlocal.agency/m/_no-website.jpg,https://buildlocal.agency/m/landscapes-r-us-team-new.jpg,landscapes-r-us-team,az0459,https://buildlocal.agency/q/az0459
AZ-Ry's Landscaping and Yard Maintenance,,,Maricopa,AZ,,AZ-Ry's Landscaping,deserves a better,78,https://api.qrserver.com/v1/create-qr-code/?size=1000x1000&margin=0&qzone=1&ecc=M&data=https%3A%2F%2Fbuildlocal.agency%2Fq%2Faz0460,https://buildlocal.agency/m/_no-website.jpg,https://buildlocal.agency/m/az-ry-s-landscaping-and-yard-maintenance-new.jpg,az-ry-s-landscaping-and-yard-maintenance,az0460,https://buildlocal.agency/q/az0460
Latte Stone Landscape,,,Maricopa,AZ,,Latte Stone Landscape,deserves a better,73,https://api.qrserver.com/v1/create-qr-code/?size=1000x1000&margin=0&qzone=1&ecc=M&data=https%3A%2F%2Fbuildlocal.agency%2Fq%2Faz0461,https://buildlocal.agency/m/_no-website.jpg,https://buildlocal.agency/m/latte-stone-landscape-new.jpg,latte-stone-landscape,az0461,https://buildlocal.agency/q/az0461
Mac's Lawn Service,,,Maricopa,AZ,,Mac's Lawn Service,deserves a better,78,https://api.qrserver.com/v1/create-qr-code/?size=1000x1000&margin=0&qzone=1&ecc=M&data=https%3A%2F%2Fbuildlocal.agency%2Fq%2Faz0462,https://buildlocal.agency/m/_no-website.jpg,https://buildlocal.agency/m/mac-s-lawn-service-new.jpg,mac-s-lawn-service,az0462,https://buildlocal.agency/q/az0462
Down Range Landscaping LLC,,,Maricopa,AZ,,Down Range Landscaping,deserves a,70,https://api.qrserver.com/v1/create-qr-code/?size=1000x1000&margin=0&qzone=1&ecc=M&data=https%3A%2F%2Fbuildlocal.agency%2Fq%2Faz0463,https://buildlocal.agency/m/_no-website.jpg,https://buildlocal.agency/m/down-range-landscaping-llc-new.jpg,down-range-landscaping-llc,az0463,https://buildlocal.agency/q/az0463
Maricopa Landscape Solutions LLC,,,Maricopa,AZ,,Maricopa Landscape Solutions,deserves a better,55,https://api.qrserver.com/v1/create-qr-code/?size=1000x1000&margin=0&qzone=1&ecc=M&data=https%3A%2F%2Fbuildlocal.agency%2Fq%2Faz0464,https://buildlocal.agency/m/_no-website.jpg,https://buildlocal.agency/m/maricopa-landscape-solutions-llc-new.jpg,maricopa-landscape-solutions-llc,az0464,https://buildlocal.agency/q/az0464
The Grounds Guys of Maricopa,,,Maricopa,AZ,,The Grounds Guys of Maricopa,deserves a better,55,https://api.qrserver.com/v1/create-qr-code/?size=1000x1000&margin=0&qzone=1&ecc=M&data=https%3A%2F%2Fbuildlocal.agency%2Fq%2Faz0465,https://buildlocal.agency/m/_no-website.jpg,https://buildlocal.agency/m/the-grounds-guys-of-maricopa-new.jpg,the-grounds-guys-of-maricopa,az0465,https://buildlocal.agency/q/az0465
Maricopa Pools and Landscape Design,,,Maricopa,AZ,,Maricopa Pools and Landscape,deserves a better,55,https://api.qrserver.com/v1/create-qr-code/?size=1000x1000&margin=0&qzone=1&ecc=M&data=https%3A%2F%2Fbuildlocal.agency%2Fq%2Faz0466,https://buildlocal.agency/m/_no-website.jpg,https://buildlocal.agency/m/maricopa-pools-and-landscape-design-new.jpg,maricopa-pools-and-landscape-design,az0466,https://buildlocal.agency/q/az0466
Maricopa City Garden & Landscape Inc.,,,Maricopa,AZ,,Maricopa City Garden,deserves a better,77,https://api.qrserver.com/v1/create-qr-code/?size=1000x1000&margin=0&qzone=1&ecc=M&data=https%3A%2F%2Fbuildlocal.agency%2Fq%2Faz0467,https://buildlocal.agency/m/_no-website.jpg,https://buildlocal.agency/m/maricopa-city-garden-and-landscape-inc-new.jpg,maricopa-city-garden-and-landscape-inc,az0467,https://buildlocal.agency/q/az0467
Johnny's Irrigation & Lighting,,,Maricopa,AZ,,Johnny's Irrigation & Lighting,deserves a better,51,https://api.qrserver.com/v1/create-qr-code/?size=1000x1000&margin=0&qzone=1&ecc=M&data=https%3A%2F%2Fbuildlocal.agency%2Fq%2Faz0468,https://buildlocal.agency/m/_no-website.jpg,https://buildlocal.agency/m/johnny-s-irrigation-and-lighting-new.jpg,johnny-s-irrigation-and-lighting,az0468,https://buildlocal.agency/q/az0468
Druwest Landscape Management LLC.,,,Maricopa,AZ,,Druwest Landscape,deserves a better,78,https://api.qrserver.com/v1/create-qr-code/?size=1000x1000&margin=0&qzone=1&ecc=M&data=https%3A%2F%2Fbuildlocal.agency%2Fq%2Faz0469,https://buildlocal.agency/m/_no-website.jpg,https://buildlocal.agency/m/druwest-landscape-management-llc-new.jpg,druwest-landscape-management-llc,az0469,https://buildlocal.agency/q/az0469
Garden Social,,,Maricopa,AZ,,Garden Social,deserves a better,78,https://api.qrserver.com/v1/create-qr-code/?size=1000x1000&margin=0&qzone=1&ecc=M&data=https%3A%2F%2Fbuildlocal.agency%2Fq%2Faz0470,https://buildlocal.agency/m/_no-website.jpg,https://buildlocal.agency/m/garden-social-new.jpg,garden-social,az0470,https://buildlocal.agency/q/az0470
Good hands landscape llc,,,Maricopa,AZ,,Good hands landscape,deserves a better,77,https://api.qrserver.com/v1/create-qr-code/?size=1000x1000&margin=0&qzone=1&ecc=M&data=https%3A%2F%2Fbuildlocal.agency%2Fq%2Faz0471,https://buildlocal.agency/m/_no-website.jpg,https://buildlocal.agency/m/good-hands-landscape-llc-new.jpg,good-hands-landscape-llc,az0471,https://buildlocal.agency/q/az0471
Farmer Juan,,,Maricopa,AZ,,Farmer Juan,deserves a better,78,https://api.qrserver.com/v1/create-qr-code/?size=1000x1000&margin=0&qzone=1&ecc=M&data=https%3A%2F%2Fbuildlocal.agency%2Fq%2Faz0472,https://buildlocal.agency/m/_no-website.jpg,https://buildlocal.agency/m/farmer-juan-new.jpg,farmer-juan,az0472,https://buildlocal.agency/q/az0472
C&G Landscaping LLC,,,Maricopa,AZ,,C&G Landscaping,deserves a,78,https://api.qrserver.com/v1/create-qr-code/?size=1000x1000&margin=0&qzone=1&ecc=M&data=https%3A%2F%2Fbuildlocal.agency%2Fq%2Faz0473,https://buildlocal.agency/m/_no-website.jpg,https://buildlocal.agency/m/candg-landscaping-llc-new.jpg,candg-landscaping-llc,az0473,https://buildlocal.agency/q/az0473
H&K Landscape and Design,,,Maricopa,AZ,,H&K Landscape and Design,deserves a better,64,https://api.qrserver.com/v1/create-qr-code/?size=1000x1000&margin=0&qzone=1&ecc=M&data=https%3A%2F%2Fbuildlocal.agency%2Fq%2Faz0474,https://buildlocal.agency/m/_no-website.jpg,https://buildlocal.agency/m/handk-landscape-and-design-new.jpg,handk-landscape-and-design,az0474,https://buildlocal.agency/q/az0474
Right Choice Lawn Service LLC,,,Maricopa,AZ,,Right Choice Lawn Service,deserves a better,62,https://api.qrserver.com/v1/create-qr-code/?size=1000x1000&margin=0&qzone=1&ecc=M&data=https%3A%2F%2Fbuildlocal.agency%2Fq%2Faz0475,https://buildlocal.agency/m/_no-website.jpg,https://buildlocal.agency/m/right-choice-lawn-service-llc-new.jpg,right-choice-lawn-service-llc,az0475,https://buildlocal.agency/q/az0475
Oasis Maricopa Landscapers,,,Maricopa,AZ,,Oasis Maricopa Landscapers,deserves a better,59,https://api.qrserver.com/v1/create-qr-code/?size=1000x1000&margin=0&qzone=1&ecc=M&data=https%3A%2F%2Fbuildlocal.agency%2Fq%2Faz0476,https://buildlocal.agency/m/_no-website.jpg,https://buildlocal.agency/m/oasis-maricopa-landscapers-new.jpg,oasis-maricopa-landscapers,az0476,https://buildlocal.agency/q/az0476
"Desert Plant Collection, Nursery",,,Maricopa,AZ,,Desert Plant Collection,deserves a better,67,https://api.qrserver.com/v1/create-qr-code/?size=1000x1000&margin=0&qzone=1&ecc=M&data=https%3A%2F%2Fbuildlocal.agency%2Fq%2Faz0477,https://buildlocal.agency/m/_no-website.jpg,https://buildlocal.agency/m/desert-plant-collection-nursery-new.jpg,desert-plant-collection-nursery,az0477,https://buildlocal.agency/q/az0477
Donovan's Landscaping LLC,,,Maricopa,AZ,,Donovan's Landscaping,deserves a better,73,https://api.qrserver.com/v1/create-qr-code/?size=1000x1000&margin=0&qzone=1&ecc=M&data=https%3A%2F%2Fbuildlocal.agency%2Fq%2Faz0478,https://buildlocal.agency/m/_no-website.jpg,https://buildlocal.agency/m/donovan-s-landscaping-llc-new.jpg,donovan-s-landscaping-llc,az0478,https://buildlocal.agency/q/az0478
Squared Away Landscaping Llc,,,Maricopa,AZ,,Squared Away Landscaping,deserves a,64,https://api.qrserver.com/v1/create-qr-code/?size=1000x1000&margin=0&qzone=1&ecc=M&data=https%3A%2F%2Fbuildlocal.agency%2Fq%2Faz0479,https://buildlocal.agency/m/_no-website.jpg,https://buildlocal.agency/m/squared-away-landscaping-llc-new.jpg,squared-away-landscaping-llc,az0479,https://buildlocal.agency/q/az0479
MD's Landscaping,,,Maricopa,AZ,,MD's Landscaping,deserves a better,78,https://api.qrserver.com/v1/create-qr-code/?size=1000x1000&margin=0&qzone=1&ecc=M&data=https%3A%2F%2Fbuildlocal.agency%2Fq%2Faz0480,https://buildlocal.agency/m/_no-website.jpg,https://buildlocal.agency/m/md-s-landscaping-new.jpg,md-s-landscaping,az0480,https://buildlocal.agency/q/az0480
Brewer's Irrigation,,,Maricopa,AZ,,Brewer's Irrigation,deserves a better,78,https://api.qrserver.com/v1/create-qr-code/?size=1000x1000&margin=0&qzone=1&ecc=M&data=https%3A%2F%2Fbuildlocal.agency%2Fq%2Faz0481,https://buildlocal.agency/m/_no-website.jpg,https://buildlocal.agency/m/brewer-s-irrigation-new.jpg,brewer-s-irrigation,az0481,https://buildlocal.agency/q/az0481
Lunar Crest Landscaping,,,Maricopa,AZ,,Lunar Crest Landscaping,deserves a better,67,https://api.qrserver.com/v1/create-qr-code/?size=1000x1000&margin=0&qzone=1&ecc=M&data=https%3A%2F%2Fbuildlocal.agency%2Fq%2Faz0482,https://buildlocal.agency/m/_no-website.jpg,https://buildlocal.agency/m/lunar-crest-landscaping-new.jpg,lunar-crest-landscaping,az0482,https://buildlocal.agency/q/az0482
Southwest Sod,,,Maricopa,AZ,,Southwest Sod,deserves a better,78,https://api.qrserver.com/v1/create-qr-code/?size=1000x1000&margin=0&qzone=1&ecc=M&data=https%3A%2F%2Fbuildlocal.agency%2Fq%2Faz0483,https://buildlocal.agency/m/_no-website.jpg,https://buildlocal.agency/m/southwest-sod-new.jpg,southwest-sod,az0483,https://buildlocal.agency/q/az0483
Building Paradise LLC,,,Maricopa,AZ,,Building Paradise,deserves a better,78,https://api.qrserver.com/v1/create-qr-code/?size=1000x1000&margin=0&qzone=1&ecc=M&data=https%3A%2F%2Fbuildlocal.agency%2Fq%2Faz0484,https://buildlocal.agency/m/_no-website.jpg,https://buildlocal.agency/m/building-paradise-llc-new.jpg,building-paradise-llc,az0484,https://buildlocal.agency/q/az0484
Saguaro Landscaping & Designs LLC,,,Maricopa,AZ,,Saguaro Landscaping & Designs,deserves a,53,https://api.qrserver.com/v1/create-qr-code/?size=1000x1000&margin=0&qzone=1&ecc=M&data=https%3A%2F%2Fbuildlocal.agency%2Fq%2Faz0485,https://buildlocal.agency/m/_no-website.jpg,https://buildlocal.agency/m/saguaro-landscaping-and-designs-llc-new.jpg,saguaro-landscaping-and-designs-llc,az0485,https://buildlocal.agency/q/az0485
Erick's Lawn Maintenance & Design,,,Maricopa,AZ,,Erick's Lawn Maintenance,deserves a better,64,https://api.qrserver.com/v1/create-qr-code/?size=1000x1000&margin=0&qzone=1&ecc=M&data=https%3A%2F%2Fbuildlocal.agency%2Fq%2Faz0486,https://buildlocal.agency/m/_no-website.jpg,https://buildlocal.agency/m/erick-s-lawn-maintenance-and-design-new.jpg,erick-s-lawn-maintenance-and-design,az0486,https://buildlocal.agency/q/az0486
No Weeds Guaranteed LLC,,,Maricopa,AZ,,No Weeds Guaranteed,deserves a better,78,https://api.qrserver.com/v1/create-qr-code/?size=1000x1000&margin=0&qzone=1&ecc=M&data=https%3A%2F%2Fbuildlocal.agency%2Fq%2Faz0487,https://buildlocal.agency/m/_no-website.jpg,https://buildlocal.agency/m/no-weeds-guaranteed-llc-new.jpg,no-weeds-guaranteed-llc,az0487,https://buildlocal.agency/q/az0487
Atmosphere Outdoor Living,,,Maricopa,AZ,,Atmosphere Outdoor Living,deserves a better,62,https://api.qrserver.com/v1/create-qr-code/?size=1000x1000&margin=0&qzone=1&ecc=M&data=https%3A%2F%2Fbuildlocal.agency%2Fq%2Faz0488,https://buildlocal.agency/m/_no-website.jpg,https://buildlocal.agency/m/atmosphere-outdoor-living-new.jpg,atmosphere-outdoor-living,az0488,https://buildlocal.agency/q/az0488
El Valle Landscape & Hardscape LLC,,,Maricopa,AZ,,El Valle Landscape & Hardscape,deserves a better,51,https://api.qrserver.com/v1/create-qr-code/?size=1000x1000&margin=0&qzone=1&ecc=M&data=https%3A%2F%2Fbuildlocal.agency%2Fq%2Faz0489,https://buildlocal.agency/m/_no-website.jpg,https://buildlocal.agency/m/el-valle-landscape-and-hardscape-llc-new.jpg,el-valle-landscape-and-hardscape-llc,az0489,https://buildlocal.agency/q/az0489
Moreno's landscaping service,,,Maricopa,AZ,,Moreno's landscaping service,deserves a,55,https://api.qrserver.com/v1/create-qr-code/?size=1000x1000&margin=0&qzone=1&ecc=M&data=https%3A%2F%2Fbuildlocal.agency%2Fq%2Faz0490,https://buildlocal.agency/m/_no-website.jpg,https://buildlocal.agency/m/moreno-s-landscaping-service-new.jpg,moreno-s-landscaping-service,az0490,https://buildlocal.agency/q/az0490
Castillo Paver and Landscape,,,Maricopa,AZ,,Castillo Paver and Landscape,deserves a better,55,https://api.qrserver.com/v1/create-qr-code/?size=1000x1000&margin=0&qzone=1&ecc=M&data=https%3A%2F%2Fbuildlocal.agency%2Fq%2Faz0491,https://buildlocal.agency/m/_no-website.jpg,https://buildlocal.agency/m/castillo-paver-and-landscape-new.jpg,castillo-paver-and-landscape,az0491,https://buildlocal.agency/q/az0491
Scenic Landscapers,,,Maricopa,AZ,,Scenic Landscapers,deserves a better,78,https://api.qrserver.com/v1/create-qr-code/?size=1000x1000&margin=0&qzone=1&ecc=M&data=https%3A%2F%2Fbuildlocal.agency%2Fq%2Faz0492,https://buildlocal.agency/m/_no-website.jpg,https://buildlocal.agency/m/scenic-landscapers-new.jpg,scenic-landscapers,az0492,https://buildlocal.agency/q/az0492
Precise Tree and Lawn Care LLC,,,Maricopa,AZ,,Precise Tree and Lawn Care,deserves a better,59,https://api.qrserver.com/v1/create-qr-code/?size=1000x1000&margin=0&qzone=1&ecc=M&data=https%3A%2F%2Fbuildlocal.agency%2Fq%2Faz0493,https://buildlocal.agency/m/_no-website.jpg,https://buildlocal.agency/m/precise-tree-and-lawn-care-llc-new.jpg,precise-tree-and-lawn-care-llc,az0493,https://buildlocal.agency/q/az0493
Lake to Sky Landscaping Maintenance,,,Maricopa,AZ,,Lake to Sky Landscaping,deserves a,67,https://api.qrserver.com/v1/create-qr-code/?size=1000x1000&margin=0&qzone=1&ecc=M&data=https%3A%2F%2Fbuildlocal.agency%2Fq%2Faz0494,https://buildlocal.agency/m/_no-website.jpg,https://buildlocal.agency/m/lake-to-sky-landscaping-maintenance-new.jpg,lake-to-sky-landscaping-maintenance,az0494,https://buildlocal.agency/q/az0494
Castillo Family Landscaping & Cleaning Services,,,Maricopa,AZ,,Castillo Family Landscaping,deserves a,57,https://api.qrserver.com/v1/create-qr-code/?size=1000x1000&margin=0&qzone=1&ecc=M&data=https%3A%2F%2Fbuildlocal.agency%2Fq%2Faz0495,https://buildlocal.agency/m/_no-website.jpg,https://buildlocal.agency/m/castillo-family-landscaping-and-cleaning-services-new.jpg,castillo-family-landscaping-and-cleaning-services,az0495,https://buildlocal.agency/q/az0495
Eco-Friendly Landscaping / Shine Window Cleaning,,,Maricopa,AZ,,Eco-Friendly Landscaping,deserves a,64,https://api.qrserver.com/v1/create-qr-code/?size=1000x1000&margin=0&qzone=1&ecc=M&data=https%3A%2F%2Fbuildlocal.agency%2Fq%2Faz0496,https://buildlocal.agency/m/_no-website.jpg,https://buildlocal.agency/m/eco-friendly-landscaping-shine-window-cleaning-new.jpg,eco-friendly-landscaping-shine-window-cleaning,az0496,https://buildlocal.agency/q/az0496
Gila River Sand and Gravel Maricopa Plant,,,Bapchule,AZ,,Gila River Sand and Gravel,deserves a better,59,https://api.qrserver.com/v1/create-qr-code/?size=1000x1000&margin=0&qzone=1&ecc=M&data=https%3A%2F%2Fbuildlocal.agency%2Fq%2Faz0497,https://buildlocal.agency/m/_no-website.jpg,https://buildlocal.agency/m/gila-river-sand-and-gravel-maricopa-plant-new.jpg,gila-river-sand-and-gravel-maricopa-plant,az0497,https://buildlocal.agency/q/az0497
HEAVENLY TOUCH,,,Casa Grande,AZ,,HEAVENLY TOUCH,deserves a better,78,https://api.qrserver.com/v1/create-qr-code/?size=1000x1000&margin=0&qzone=1&ecc=M&data=https%3A%2F%2Fbuildlocal.agency%2Fq%2Faz0498,https://buildlocal.agency/m/_no-website.jpg,https://buildlocal.agency/m/heavenly-touch-new.jpg,heavenly-touch,az0498,https://buildlocal.agency/q/az0498
Mike's irrigation landscaping and more,,,Maricopa,AZ,,Mike's irrigation landscaping,deserves a,53,https://api.qrserver.com/v1/create-qr-code/?size=1000x1000&margin=0&qzone=1&ecc=M&data=https%3A%2F%2Fbuildlocal.agency%2Fq%2Faz0499,https://buildlocal.agency/m/_no-website.jpg,https://buildlocal.agency/m/mike-s-irrigation-landscaping-and-more-new.jpg,mike-s-irrigation-landscaping-and-more,az0499,https://buildlocal.agency/q/az0499
San Tan Landscape Rock,,,San Tan Valley,AZ,,San Tan Landscape Rock,deserves a better,70,https://api.qrserver.com/v1/create-qr-code/?size=1000x1000&margin=0&qzone=1&ecc=M&data=https%3A%2F%2Fbuildlocal.agency%2Fq%2Faz0500,https://buildlocal.agency/m/_no-website.jpg,https://buildlocal.agency/m/san-tan-landscape-rock-new.jpg,san-tan-landscape-rock,az0500,https://buildlocal.agency/q/az0500